Workbook

Sheet A
A1: Trial | B1: Condition | C1: TargetDist | D1: TargetAngle | E1: RespDist | F1: RespAngle | G1: ErrDist | H1: ErrAngle | I1: FBConf | J1: IsInsideHead | K1: 分析距離 | L1: 有効角度誤差 | M1: New FB
A2: sub1 1 | B2: CircularDVF_Sph_EC_Off_Corr_Off | C2: 1.5 | D2: 0 | E2: 0.9685215 | F2: -0.18334587 | G2: -0.5314785 | H2: -0.18334587 | I2: 0 | J2: 0 | K2: =IF(J2=1, "", E2) -> 0.9685215 | L2: =IF(J2=1, "", IF(D2=90, ABS(MOD(F2-D2+180, 360)-180), ABS(IF(ABS(MOD(F2-(180-D2)+180, 360)-180) < ABS(MOD(F2-D2+180, 360)-180), MOD(F2-(180-D2)+180, 360)-180, MOD(F2-D2+180, 360)-180)))) -> 0.18334587 | M2: =IF(OR(J2=1, D2=90), 0, IF(ABS(MOD(F2-(180-D2)+180, 360)-180) < ABS(MOD(F2-D2+180, 360)-180), 1, 0)) -> 0
A3: 2 | B3: CircularDVF_Sph_EC_Off_Corr_Off | C3: 1 | D3: 45 | E3: 0.99902258 | F3: 90.444374 | G3: -0.00097742405 | H3: 45.444374 | I3: 1 | J3: 0 | K3: =IF(J3=1, "", E3) -> 0.99902258 | L3: =IF(J3=1, "", IF(D3=90, ABS(MOD(F3-D3+180, 360)-180), ABS(IF(ABS(MOD(F3-(180-D3)+180, 360)-180) < ABS(MOD(F3-D3+180, 360)-180), MOD(F3-(180-D3)+180, 360)-180, MOD(F3-D3+180, 360)-180)))) -> 44.555626 | M3: =IF(OR(J3=1, D3=90), 0, IF(ABS(MOD(F3-(180-D3)+180, 360)-180) < ABS(MOD(F3-D3+180, 360)-180), 1, 0)) -> 1
A4: 3 | B4: CircularDVF_Sph_EC_Off_Corr_Off | C4: 0.5 | D4: 0 | E4: 0.96908058 | F4: 178.04506 | G4: 0.46908058 | H4: 178.04506 | I4: 1 | J4: 0 | K4: =IF(J4=1, "", E4) -> 0.96908058 | L4: =IF(J4=1, "", IF(D4=90, ABS(MOD(F4-D4+180, 360)-180), ABS(IF(ABS(MOD(F4-(180-D4)+180, 360)-180) < ABS(MOD(F4-D4+180, 360)-180), MOD(F4-(180-D4)+180, 360)-180, MOD(F4-D4+180, 360)-180)))) -> 1.954937 | M4: =IF(OR(J4=1, D4=90), 0, IF(ABS(MOD(F4-(180-D4)+180, 360)-180) < ABS(MOD(F4-D4+180, 360)-180), 1, 0)) -> 1
A5: 4 | B5: CircularDVF_Sph_EC_Off_Corr_Off | C5: 0.5 | D5: 45 | E5: 0.99939641 | F5: 91.628965 | G5: 0.49939641 | H5: 46.628965 | I5: 1 | J5: 0 | K5: =IF(J5=1, "", E5) -> 0.99939641 | L5: =IF(J5=1, "", IF(D5=90, ABS(MOD(F5-D5+180, 360)-180), ABS(IF(ABS(MOD(F5-(180-D5)+180, 360)-180) < ABS(MOD(F5-D5+180, 360)-180), MOD(F5-(180-D5)+180, 360)-180, MOD(F5-D5+180, 360)-180)))) -> 43.371035 | M5: =IF(OR(J5=1, D5=90), 0, IF(ABS(MOD(F5-(180-D5)+180, 360)-180) < ABS(MOD(F5-D5+180, 360)-180), 1, 0)) -> 1
A6: 5 | B6: CircularDVF_Sph_EC_Off_Corr_Off | C6: 0.35 | D6: 135 | E6: 1.5085703 | F6: 136.40124 | G6: 1.1585703 | H6: 1.40124 | I6: 0 | J6: 0 | K6: =IF(J6=1, "", E6) -> 1.5085703 | L6: =IF(J6=1, "", IF(D6=90, ABS(MOD(F6-D6+180, 360)-180), ABS(IF(ABS(MOD(F6-(180-D6)+180, 360)-180) < ABS(MOD(F6-D6+180, 360)-180), MOD(F6-(180-D6)+180, 360)-180, MOD(F6-D6+180, 360)-180)))) -> 1.40124 | M6: =IF(OR(J6=1, D6=90), 0, IF(ABS(MOD(F6-(180-D6)+180, 360)-180) < ABS(MOD(F6-D6+180, 360)-180), 1, 0)) -> 0
A7: 6 | B7: CircularDVF_Sph_EC_Off_Corr_Off | C7: 0.5 | D7: 0 | E7: 1.0000556 | F7: 1.8943636 | G7: 0.50005563 | H7: 1.8943636 | I7: 0 | J7: 0 | K7: =IF(J7=1, "", E7) -> 1.0000556 | L7: =IF(J7=1, "", IF(D7=90, ABS(MOD(F7-D7+180, 360)-180), ABS(IF(ABS(MOD(F7-(180-D7)+180, 360)-180) < ABS(MOD(F7-D7+180, 360)-180), MOD(F7-(180-D7)+180, 360)-180, MOD(F7-D7+180, 360)-180)))) -> 1.8943636 | M7: =IF(OR(J7=1, D7=90), 0, IF(ABS(MOD(F7-(180-D7)+180, 360)-180) < ABS(MOD(F7-D7+180, 360)-180), 1, 0)) -> 0
A8: 7 | B8: CircularDVF_Sph_EC_Off_Corr_Off | C8: 1 | D8: 0 | E8: 1.0357412 | F8: 0.68580201 | G8: 0.035741216 | H8: 0.68580201 | I8: 0 | J8: 0 | K8: =IF(J8=1, "", E8) -> 1.0357412 | L8: =IF(J8=1, "", IF(D8=90, ABS(MOD(F8-D8+180, 360)-180), ABS(IF(ABS(MOD(F8-(180-D8)+180, 360)-180) < ABS(MOD(F8-D8+180, 360)-180), MOD(F8-(180-D8)+180, 360)-180, MOD(F8-D8+180, 360)-180)))) -> 0.68580201 | M8: =IF(OR(J8=1, D8=90), 0, IF(ABS(MOD(F8-(180-D8)+180, 360)-180) < ABS(MOD(F8-D8+180, 360)-180), 1, 0)) -> 0
A9: 8 | B9: CircularDVF_Sph_EC_Off_Corr_Off | C9: 1 | D9: 0 | E9: 1.0203219 | F9: 0.9862603 | G9: 0.020321917 | H9: 0.9862603 | I9: 0 | J9: 0 | K9: =IF(J9=1, "", E9) -> 1.0203219 | L9: =IF(J9=1, "", IF(D9=90, ABS(MOD(F9-D9+180, 360)-180), ABS(IF(ABS(MOD(F9-(180-D9)+180, 360)-180) < ABS(MOD(F9-D9+180, 360)-180), MOD(F9-(180-D9)+180, 360)-180, MOD(F9-D9+180, 360)-180)))) -> 0.9862603 | M9: =IF(OR(J9=1, D9=90), 0, IF(ABS(MOD(F9-(180-D9)+180, 360)-180) < ABS(MOD(F9-D9+180, 360)-180), 1, 0)) -> 0
A10: 9 | B10: CircularDVF_Sph_EC_Off_Corr_Off | C10: 1.5 | D10: 180 | E10: 0.96859588 | F10: 179.26665 | G10: -0.53140412 | H10: -0.73334593 | I10: 0 | J10: 0 | K10: =IF(J10=1, "", E10) -> 0.96859588 | L10: =IF(J10=1, "", IF(D10=90, ABS(MOD(F10-D10+180, 360)-180), ABS(IF(ABS(MOD(F10-(180-D10)+180, 360)-180) < ABS(MOD(F10-D10+180, 360)-180), MOD(F10-(180-D10)+180, 360)-180, MOD(F10-D10+180, 360)-180)))) -> 0.73334593 | M10: =IF(OR(J10=1, D10=90), 0, IF(ABS(MOD(F10-(180-D10)+180, 360)-180) < ABS(MOD(F10-D10+180, 360)-180), 1, 0)) -> 0
A11: 10 | B11: CircularDVF_Sph_EC_Off_Corr_Off | C11: 1 | D11: 180 | E11: 1.0110065 | F11: 2.7527666 | G11: 0.011006547 | H11: -177.24723 | I11: 1 | J11: 0 | K11: =IF(J11=1, "", E11) -> 1.0110065 | L11: =IF(J11=1, "", IF(D11=90, ABS(MOD(F11-D11+180, 360)-180), ABS(IF(ABS(MOD(F11-(180-D11)+180, 360)-180) < ABS(MOD(F11-D11+180, 360)-180), MOD(F11-(180-D11)+180, 360)-180, MOD(F11-D11+180, 360)-180)))) -> 2.7527666 | M11: =IF(OR(J11=1, D11=90), 0, IF(ABS(MOD(F11-(180-D11)+180, 360)-180) < ABS(MOD(F11-D11+180, 360)-180), 1, 0)) -> 1
A12: 11 | B12: CircularDVF_Sph_EC_Off_Corr_Off | C12: 1 | D12: 135 | E12: 0.98352678 | F12: 90.451375 | G12: -0.016473215 | H12: -44.548625 | I12: 0 | J12: 0 | K12: =IF(J12=1, "", E12) -> 0.98352678 | L12: =IF(J12=1, "", IF(D12=90, ABS(MOD(F12-D12+180, 360)-180), ABS(IF(ABS(MOD(F12-(180-D12)+180, 360)-180) < ABS(MOD(F12-D12+180, 360)-180), MOD(F12-(180-D12)+180, 360)-180, MOD(F12-D12+180, 360)-180)))) -> 44.548625 | M12: =IF(OR(J12=1, D12=90), 0, IF(ABS(MOD(F12-(180-D12)+180, 360)-180) < ABS(MOD(F12-D12+180, 360)-180), 1, 0)) -> 0
A13: 12 | B13: CircularDVF_Sph_EC_Off_Corr_Off | C13: 1.5 | D13: 45 | E13: 1.0299883 | F13: 90.14367 | G13: -0.4700117 | H13: 45.14367 | I13: 1 | J13: 0 | K13: =IF(J13=1, "", E13) -> 1.0299883 | L13: =IF(J13=1, "", IF(D13=90, ABS(MOD(F13-D13+180, 360)-180), ABS(IF(ABS(MOD(F13-(180-D13)+180, 360)-180) < ABS(MOD(F13-D13+180, 360)-180), MOD(F13-(180-D13)+180, 360)-180, MOD(F13-D13+180, 360)-180)))) -> 44.85633 | M13: =IF(OR(J13=1, D13=90), 0, IF(ABS(MOD(F13-(180-D13)+180, 360)-180) < ABS(MOD(F13-D13+180, 360)-180), 1, 0)) -> 1
A14: 13 | B14: CircularDVF_Sph_EC_Off_Corr_Off | C14: 0.5 | D14: 0 | E14: 0.98410445 | F14: -179.21806 | G14: 0.48410445 | H14: -179.21806 | I14: 0 | J14: 0 | K14: =IF(J14=1, "", E14) -> 0.98410445 | L14: =IF(J14=1, "", IF(D14=90, ABS(MOD(F14-D14+180, 360)-180), ABS(IF(ABS(MOD(F14-(180-D14)+180, 360)-180) < ABS(MOD(F14-D14+180, 360)-180), MOD(F14-(180-D14)+180, 360)-180, MOD(F14-D14+180, 360)-180)))) -> 0.78194109 | M14: =IF(OR(J14=1, D14=90), 0, IF(ABS(MOD(F14-(180-D14)+180, 360)-180) < ABS(MOD(F14-D14+180, 360)-180), 1, 0)) -> 1
... A151: 150 | B151: CircularDVF_Sph_EC_Off_Corr_Off | C151: 1 | D151: 180 | E151: 1.510889 | F151: -0.11752964 | G151: 0.51088898 | H151: 179.88247 | I151: 1 | J151: 0 | K151: =IF(J151=1, "", E151) -> 1.510889 | L151: =IF(J151=1, "", IF(D151=90, ABS(MOD(F151-D151+180, 360)-180), ABS(IF(ABS(MOD(F151-(180-D151)+180, 360)-180) < ABS(MOD(F151-D151+180, 360)-180), MOD(F151-(180-D151)+180, 360)-180, MOD(F151-D151+180, 360)-180)))) -> 0.11752964 | M151: =IF(OR(J151=1, D151=90), 0, IF(ABS(MOD(F151-(180-D151)+180, 360)-180) < ABS(MOD(F151-D151+180, 360)-180), 1, 0)) -> 1
A152: sub2 1 | B152: CircularDVF_Sph_EC_Off_Corr_Off | C152: 1.5 | D152: 180 | E152: 0.94788244 | F152: 179.56287 | G152: -0.55211756 | H152: -0.43712553 | I152: 0 | J152: 0 | K152: =IF(J152=1, "", E152) -> 0.94788244 | L152: =IF(J152=1, "", IF(D152=90, ABS(MOD(F152-D152+180, 360)-180), ABS(IF(ABS(MOD(F152-(180-D152)+180, 360)-180) < ABS(MOD(F152-D152+180, 360)-180), MOD(F152-(180-D152)+180, 360)-180, MOD(F152-D152+180, 360)-180)))) -> 0.43712553 | M152: =IF(OR(J152=1, D152=90), 0, IF(ABS(MOD(F152-(180-D152)+180, 360)-180) < ABS(MOD(F152-D152+180, 360)-180), 1, 0)) -> 0
A153: 2 | B153: CircularDVF_Sph_EC_Off_Corr_Off | C153: 0.35 | D153: 90 | E153: 1.0196575 | F153: 89.854874 | G153: 0.66965749 | H153: -0.14512578 | I153: 0 | J153: 0 | K153: =IF(J153=1, "", E153) -> 1.0196575 | L153: =IF(J153=1, "", IF(D153=90, ABS(MOD(F153-D153+180, 360)-180), ABS(IF(ABS(MOD(F153-(180-D153)+180, 360)-180) < ABS(MOD(F153-D153+180, 360)-180), MOD(F153-(180-D153)+180, 360)-180, MOD(F153-D153+180, 360)-180)))) -> 0.14512578 | M153: =IF(OR(J153=1, D153=90), 0, IF(ABS(MOD(F153-(180-D153)+180, 360)-180) < ABS(MOD(F153-D153+180, 360)-180), 1, 0)) -> 0
A154: 3 | B154: CircularDVF_Sph_EC_Off_Corr_Off | C154: 0.7 | D154: 45 | E154: 1.0051147 | F154: 58.213099 | G154: 0.30511472 | H154: 13.213099 | I154: 0 | J154: 0 | K154: =IF(J154=1, "", E154) -> 1.0051147 | L154: =IF(J154=1, "", IF(D154=90, ABS(MOD(F154-D154+180, 360)-180), ABS(IF(ABS(MOD(F154-(180-D154)+180, 360)-180) < ABS(MOD(F154-D154+180, 360)-180), MOD(F154-(180-D154)+180, 360)-180, MOD(F154-D154+180, 360)-180)))) -> 13.213099 | M154: =IF(OR(J154=1, D154=90), 0, IF(ABS(MOD(F154-(180-D154)+180, 360)-180) < ABS(MOD(F154-D154+180, 360)-180), 1, 0)) -> 0
A155: 4 | B155: CircularDVF_Sph_EC_Off_Corr_Off | C155: 0.7 | D155: 180 | E155: 1.0668041 | F155: 179.05672 | G155: 0.36680412 | H155: -0.94328353 | I155: 0 | J155: 0 | K155: =IF(J155=1, "", E155) -> 1.0668041 | L155: =IF(J155=1, "", IF(D155=90, ABS(MOD(F155-D155+180, 360)-180), ABS(IF(ABS(MOD(F155-(180-D155)+180, 360)-180) < ABS(MOD(F155-D155+180, 360)-180), MOD(F155-(180-D155)+180, 360)-180, MOD(F155-D155+180, 360)-180)))) -> 0.94328353 | M155: =IF(OR(J155=1, D155=90), 0, IF(ABS(MOD(F155-(180-D155)+180, 360)-180) < ABS(MOD(F155-D155+180, 360)-180), 1, 0)) -> 0
A156: 5 | B156: CircularDVF_Sph_EC_Off_Corr_Off | C156: 0.35 | D156: 45 | E156: 1.0463136 | F156: 129.00879 | G156: 0.69631361 | H156: 84.008791 | I156: 1 | J156: 0 | K156: =IF(J156=1, "", E156) -> 1.0463136 | L156: =IF(J156=1, "", IF(D156=90, ABS(MOD(F156-D156+180, 360)-180), ABS(IF(ABS(MOD(F156-(180-D156)+180, 360)-180) < ABS(MOD(F156-D156+180, 360)-180), MOD(F156-(180-D156)+180, 360)-180, MOD(F156-D156+180, 360)-180)))) -> 5.9912087 | M156: =IF(OR(J156=1, D156=90), 0, IF(ABS(MOD(F156-(180-D156)+180, 360)-180) < ABS(MOD(F156-D156+180, 360)-180), 1, 0)) -> 1
A157: 6 | B157: CircularDVF_Sph_EC_Off_Corr_Off | C157: 0.5 | D157: 45 | E157: 1.0081073 | F157: 115.33082 | G157: 0.50810729 | H157: 70.330816 | I157: 1 | J157: 0 | K157: =IF(J157=1, "", E157) -> 1.0081073 | L157: =IF(J157=1, "", IF(D157=90, ABS(MOD(F157-D157+180, 360)-180), ABS(IF(ABS(MOD(F157-(180-D157)+180, 360)-180) < ABS(MOD(F157-D157+180, 360)-180), MOD(F157-(180-D157)+180, 360)-180, MOD(F157-D157+180, 360)-180)))) -> 19.669184 | M157: =IF(OR(J157=1, D157=90), 0, IF(ABS(MOD(F157-(180-D157)+180, 360)-180) < ABS(MOD(F157-D157+180, 360)-180), 1, 0)) -> 1
A158: 7 | B158: CircularDVF_Sph_EC_Off_Corr_Off | C158: 0.5 | D158: 0 | E158: 1.0043977 | F158: 36.404328 | G158: 0.50439773 | H158: 36.404328 | I158: 0 | J158: 0 | K158: =IF(J158=1, "", E158) -> 1.0043977 | L158: =IF(J158=1, "", IF(D158=90, ABS(MOD(F158-D158+180, 360)-180), ABS(IF(ABS(MOD(F158-(180-D158)+180, 360)-180) < ABS(MOD(F158-D158+180, 360)-180), MOD(F158-(180-D158)+180, 360)-180, MOD(F158-D158+180, 360)-180)))) -> 36.404328 | M158: =IF(OR(J158=1, D158=90), 0, IF(ABS(MOD(F158-(180-D158)+180, 360)-180) < ABS(MOD(F158-D158+180, 360)-180), 1, 0)) -> 0
A159: 8 | B159: CircularDVF_Sph_EC_Off_Corr_Off | C159: 0.5 | D159: 45 | E159: 1.0410959 | F159: 100.14466 | G159: 0.54109594 | H159: 55.144661 | I159: 1 | J159: 0 | K159: =IF(J159=1, "", E159) -> 1.0410959 | L159: =IF(J159=1, "", IF(D159=90, ABS(MOD(F159-D159+180, 360)-180), ABS(IF(ABS(MOD(F159-(180-D159)+180, 360)-180) < ABS(MOD(F159-D159+180, 360)-180), MOD(F159-(180-D159)+180, 360)-180, MOD(F159-D159+180, 360)-180)))) -> 34.855339 | M159: =IF(OR(J159=1, D159=90), 0, IF(ABS(MOD(F159-(180-D159)+180, 360)-180) < ABS(MOD(F159-D159+180, 360)-180), 1, 0)) -> 1
A160: 9 | B160: CircularDVF_Sph_EC_Off_Corr_Off | C160: 0.5 | D160: 90 | E160: 0.96341981 | F160: 88.002834 | G160: 0.46341981 | H160: -1.9971659 | I160: 0 | J160: 0 | K160: =IF(J160=1, "", E160) -> 0.96341981 | L160: =IF(J160=1, "", IF(D160=90, ABS(MOD(F160-D160+180, 360)-180), ABS(IF(ABS(MOD(F160-(180-D160)+180, 360)-180) < ABS(MOD(F160-D160+180, 360)-180), MOD(F160-(180-D160)+180, 360)-180, MOD(F160-D160+180, 360)-180)))) -> 1.9971659 | M160: =IF(OR(J160=1, D160=90), 0, IF(ABS(MOD(F160-(180-D160)+180, 360)-180) < ABS(MOD(F160-D160+180, 360)-180), 1, 0)) -> 0
A161: 10 | B161: CircularDVF_Sph_EC_Off_Corr_Off | C161: 1 | D161: 45 | E161: 1.0025311 | F161: 74.918355 | G161: 0.0025311462 | H161: 29.918355 | I161: 0 | J161: 0 | K161: =IF(J161=1, "", E161) -> 1.0025311 | L161: =IF(J161=1, "", IF(D161=90, ABS(MOD(F161-D161+180, 360)-180), ABS(IF(ABS(MOD(F161-(180-D161)+180, 360)-180) < ABS(MOD(F161-D161+180, 360)-180), MOD(F161-(180-D161)+180, 360)-180, MOD(F161-D161+180, 360)-180)))) -> 29.918355 | M161: =IF(OR(J161=1, D161=90), 0, IF(ABS(MOD(F161-(180-D161)+180, 360)-180) < ABS(MOD(F161-D161+180, 360)-180), 1, 0)) -> 0
A162: 11 | B162: CircularDVF_Sph_EC_Off_Corr_Off | C162: 0.35 | D162: 90 | E162: 1.0093531 | F162: 89.560174 | G162: 0.65935311 | H162: -0.4398259 | I162: 0 | J162: 0 | K162: =IF(J162=1, "", E162) -> 1.0093531 | L162: =IF(J162=1, "", IF(D162=90, ABS(MOD(F162-D162+180, 360)-180), ABS(IF(ABS(MOD(F162-(180-D162)+180, 360)-180) < ABS(MOD(F162-D162+180, 360)-180), MOD(F162-(180-D162)+180, 360)-180, MOD(F162-D162+180, 360)-180)))) -> 0.4398259 | M162: =IF(OR(J162=1, D162=90), 0, IF(ABS(MOD(F162-(180-D162)+180, 360)-180) < ABS(MOD(F162-D162+180, 360)-180), 1, 0)) -> 0
A163: 12 | B163: CircularDVF_Sph_EC_Off_Corr_Off | C163: 0.35 | D163: 180 | E163: 1.1544944 | F163: 179.6411 | G163: 0.80449437 | H163: -0.35889504 | I163: 0 | J163: 0 | K163: =IF(J163=1, "", E163) -> 1.1544944 | L163: =IF(J163=1, "", IF(D163=90, ABS(MOD(F163-D163+180, 360)-180), ABS(IF(ABS(MOD(F163-(180-D163)+180, 360)-180) < ABS(MOD(F163-D163+180, 360)-180), MOD(F163-(180-D163)+180, 360)-180, MOD(F163-D163+180, 360)-180)))) -> 0.35889504 | M163: =IF(OR(J163=1, D163=90), 0, IF(ABS(MOD(F163-(180-D163)+180, 360)-180) < ABS(MOD(F163-D163+180, 360)-180), 1, 0)) -> 0
A164: 13 | B164: CircularDVF_Sph_EC_Off_Corr_Off | C164: 0.35 | D164: 180 | E164: 1.1544944 | F164: 179.6411 | G164: 0.80449437 | H164: -0.35889504 | I164: 0 | J164: 0 | K164: =IF(J164=1, "", E164) -> 1.1544944 | L164: =IF(J164=1, "", IF(D164=90, ABS(MOD(F164-D164+180, 360)-180), ABS(IF(ABS(MOD(F164-(180-D164)+180, 360)-180) < ABS(MOD(F164-D164+180, 360)-180), MOD(F164-(180-D164)+180, 360)-180, MOD(F164-D164+180, 360)-180)))) -> 0.35889504 | M164: =IF(OR(J164=1, D164=90), 0, IF(ABS(MOD(F164-(180-D164)+180, 360)-180) < ABS(MOD(F164-D164+180, 360)-180), 1, 0)) -> 0
... A301: 150 | B301: CircularDVF_Sph_EC_Off_Corr_Off | C301: 1 | D301: 135 | E301: 1.0090729 | F301: 111.78507 | G301: 0.0090728687 | H301: -23.21493 | I301: 0 | J301: 0 | K301: =IF(J301=1, "", E301) -> 1.0090729 | L301: =IF(J301=1, "", IF(D301=90, ABS(MOD(F301-D301+180, 360)-180), ABS(IF(ABS(MOD(F301-(180-D301)+180, 360)-180) < ABS(MOD(F301-D301+180, 360)-180), MOD(F301-(180-D301)+180, 360)-180, MOD(F301-D301+180, 360)-180)))) -> 23.21493 | M301: =IF(OR(J301=1, D301=90), 0, IF(ABS(MOD(F301-(180-D301)+180, 360)-180) < ABS(MOD(F301-D301+180, 360)-180), 1, 0)) -> 0
A302: sub3 1 | B302: CircularDVF_Sph_EC_Off_Corr_Off | C302: 0.35 | D302: 45 | E302: 0.98295421 | F302: 72.412476 | G302: 0.63295421 | H302: 27.412476 | I302: 0 | J302: 0 | K302: =IF(J302=1, "", E302) -> 0.98295421 | L302: =IF(J302=1, "", IF(D302=90, ABS(MOD(F302-D302+180, 360)-180), ABS(IF(ABS(MOD(F302-(180-D302)+180, 360)-180) < ABS(MOD(F302-D302+180, 360)-180), MOD(F302-(180-D302)+180, 360)-180, MOD(F302-D302+180, 360)-180)))) -> 27.412476 | M302: =IF(OR(J302=1, D302=90), 0, IF(ABS(MOD(F302-(180-D302)+180, 360)-180) < ABS(MOD(F302-D302+180, 360)-180), 1, 0)) -> 0
A303: 2 | B303: CircularDVF_Sph_EC_Off_Corr_Off | C303: 1.5 | D303: 180 | E303: 0.4992911 | F303: 144.30384 | G303: -1.0007089 | H303: -35.696162 | I303: 0 | J303: 0 | K303: =IF(J303=1, "", E303) -> 0.4992911 | L303: =IF(J303=1, "", IF(D303=90, ABS(MOD(F303-D303+180, 360)-180), ABS(IF(ABS(MOD(F303-(180-D303)+180, 360)-180) < ABS(MOD(F303-D303+180, 360)-180), MOD(F303-(180-D303)+180, 360)-180, MOD(F303-D303+180, 360)-180)))) -> 35.696162 | M303: =IF(OR(J303=1, D303=90), 0, IF(ABS(MOD(F303-(180-D303)+180, 360)-180) < ABS(MOD(F303-D303+180, 360)-180), 1, 0)) -> 0
A304: 3 | B304: CircularDVF_Sph_EC_Off_Corr_Off | C304: 0.5 | D304: 0 | E304: 1.1069055 | F304: 4.9257321 | G304: 0.60690549 | H304: 4.9257321 | I304: 0 | J304: 0 | K304: =IF(J304=1, "", E304) -> 1.1069055 | L304: =IF(J304=1, "", IF(D304=90, ABS(MOD(F304-D304+180, 360)-180), ABS(IF(ABS(MOD(F304-(180-D304)+180, 360)-180) < ABS(MOD(F304-D304+180, 360)-180), MOD(F304-(180-D304)+180, 360)-180, MOD(F304-D304+180, 360)-180)))) -> 4.9257321 | M304: =IF(OR(J304=1, D304=90), 0, IF(ABS(MOD(F304-(180-D304)+180, 360)-180) < ABS(MOD(F304-D304+180, 360)-180), 1, 0)) -> 0
A305: 4 | B305: CircularDVF_Sph_EC_Off_Corr_Off | C305: 1 | D305: 45 | E305: 1.4794241 | F305: 71.368942 | G305: 0.47942408 | H305: 26.368942 | I305: 0 | J305: 0 | K305: =IF(J305=1, "", E305) -> 1.4794241 | L305: =IF(J305=1, "", IF(D305=90, ABS(MOD(F305-D305+180, 360)-180), ABS(IF(ABS(MOD(F305-(180-D305)+180, 360)-180) < ABS(MOD(F305-D305+180, 360)-180), MOD(F305-(180-D305)+180, 360)-180, MOD(F305-D305+180, 360)-180)))) -> 26.368942 | M305: =IF(OR(J305=1, D305=90), 0, IF(ABS(MOD(F305-(180-D305)+180, 360)-180) < ABS(MOD(F305-D305+180, 360)-180), 1, 0)) -> 0
A306: 5 | B306: CircularDVF_Sph_EC_Off_Corr_Off | C306: 1 | D306: 0 | E306: 0.46715548 | F306: 16.97231 | G306: -0.53284452 | H306: 16.97231 | I306: 0 | J306: 0 | K306: =IF(J306=1, "", E306) -> 0.46715548 | L306: =IF(J306=1, "", IF(D306=90, ABS(MOD(F306-D306+180, 360)-180), ABS(IF(ABS(MOD(F306-(180-D306)+180, 360)-180) < ABS(MOD(F306-D306+180, 360)-180), MOD(F306-(180-D306)+180, 360)-180, MOD(F306-D306+180, 360)-180)))) -> 16.97231 | M306: =IF(OR(J306=1, D306=90), 0, IF(ABS(MOD(F306-(180-D306)+180, 360)-180) < ABS(MOD(F306-D306+180, 360)-180), 1, 0)) -> 0
A307: 6 | B307: CircularDVF_Sph_EC_Off_Corr_Off | C307: 0.5 | D307: 90 | E307: 1.5488808 | F307: 80.110457 | G307: 1.0488808 | H307: -9.8895431 | I307: 0 | J307: 0 | K307: =IF(J307=1, "", E307) -> 1.5488808 | L307: =IF(J307=1, "", IF(D307=90, ABS(MOD(F307-D307+180, 360)-180), ABS(IF(ABS(MOD(F307-(180-D307)+180, 360)-180) < ABS(MOD(F307-D307+180, 360)-180), MOD(F307-(180-D307)+180, 360)-180, MOD(F307-D307+180, 360)-180)))) -> 9.8895431 | M307: =IF(OR(J307=1, D307=90), 0, IF(ABS(MOD(F307-(180-D307)+180, 360)-180) < ABS(MOD(F307-D307+180, 360)-180), 1, 0)) -> 0
A308: 7 | B308: CircularDVF_Sph_EC_Off_Corr_Off | C308: 0.5 | D308: 135 | E308: 0.67362346 | F308: 123.77537 | G308: 0.17362346 | H308: -11.224635 | I308: 0 | J308: 0 | K308: =IF(J308=1, "", E308) -> 0.67362346 | L308: =IF(J308=1, "", IF(D308=90, ABS(MOD(F308-D308+180, 360)-180), ABS(IF(ABS(MOD(F308-(180-D308)+180, 360)-180) < ABS(MOD(F308-D308+180, 360)-180), MOD(F308-(180-D308)+180, 360)-180, MOD(F308-D308+180, 360)-180)))) -> 11.224635 | M308: =IF(OR(J308=1, D308=90), 0, IF(ABS(MOD(F308-(180-D308)+180, 360)-180) < ABS(MOD(F308-D308+180, 360)-180), 1, 0)) -> 0
A309: 8 | B309: CircularDVF_Sph_EC_Off_Corr_Off | C309: 0.5 | D309: 90 | E309: 1.3263552 | F309: 80.699084 | G309: 0.82635524 | H309: -9.3009157 | I309: 0 | J309: 0 | K309: =IF(J309=1, "", E309) -> 1.3263552 | L309: =IF(J309=1, "", IF(D309=90, ABS(MOD(F309-D309+180, 360)-180), ABS(IF(ABS(MOD(F309-(180-D309)+180, 360)-180) < ABS(MOD(F309-D309+180, 360)-180), MOD(F309-(180-D309)+180, 360)-180, MOD(F309-D309+180, 360)-180)))) -> 9.3009157 | M309: =IF(OR(J309=1, D309=90), 0, IF(ABS(MOD(F309-(180-D309)+180, 360)-180) < ABS(MOD(F309-D309+180, 360)-180), 1, 0)) -> 0
A310: 9 | B310: CircularDVF_Sph_EC_Off_Corr_Off | C310: 0.7 | D310: 90 | E310: 1.2671044 | F310: 77.40279 | G310: 0.56710444 | H310: -12.59721 | I310: 0 | J310: 0 | K310: =IF(J310=1, "", E310) -> 1.2671044 | L310: =IF(J310=1, "", IF(D310=90, ABS(MOD(F310-D310+180, 360)-180), ABS(IF(ABS(MOD(F310-(180-D310)+180, 360)-180) < ABS(MOD(F310-D310+180, 360)-180), MOD(F310-(180-D310)+180, 360)-180, MOD(F310-D310+180, 360)-180)))) -> 12.59721 | M310: =IF(OR(J310=1, D310=90), 0, IF(ABS(MOD(F310-(180-D310)+180, 360)-180) < ABS(MOD(F310-D310+180, 360)-180), 1, 0)) -> 0
A311: 10 | B311: CircularDVF_Sph_EC_Off_Corr_Off | C311: 1.5 | D311: 135 | E311: 0.9141134 | F311: 111.72325 | G311: -0.5858866 | H311: -23.276748 | I311: 0 | J311: 0 | K311: =IF(J311=1, "", E311) -> 0.9141134 | L311: =IF(J311=1, "", IF(D311=90, ABS(MOD(F311-D311+180, 360)-180), ABS(IF(ABS(MOD(F311-(180-D311)+180, 360)-180) < ABS(MOD(F311-D311+180, 360)-180), MOD(F311-(180-D311)+180, 360)-180, MOD(F311-D311+180, 360)-180)))) -> 23.276748 | M311: =IF(OR(J311=1, D311=90), 0, IF(ABS(MOD(F311-(180-D311)+180, 360)-180) < ABS(MOD(F311-D311+180, 360)-180), 1, 0)) -> 0
A312: 11 | B312: CircularDVF_Sph_EC_Off_Corr_Off | C312: 1 | D312: 90 | E312: 1.1031702 | F312: 74.10251 | G312: 0.10317019 | H312: -15.89749 | I312: 0 | J312: 0 | K312: =IF(J312=1, "", E312) -> 1.1031702 | L312: =IF(J312=1, "", IF(D312=90, ABS(MOD(F312-D312+180, 360)-180), ABS(IF(ABS(MOD(F312-(180-D312)+180, 360)-180) < ABS(MOD(F312-D312+180, 360)-180), MOD(F312-(180-D312)+180, 360)-180, MOD(F312-D312+180, 360)-180)))) -> 15.89749 | M312: =IF(OR(J312=1, D312=90), 0, IF(ABS(MOD(F312-(180-D312)+180, 360)-180) < ABS(MOD(F312-D312+180, 360)-180), 1, 0)) -> 0
A313: 12 | B313: CircularDVF_Sph_EC_Off_Corr_Off | C313: 1.5 | D313: 0 | E313: 0.34372417 | F313: 2.0669205 | G313: -1.1562758 | H313: 2.0669205 | I313: 0 | J313: 0 | K313: =IF(J313=1, "", E313) -> 0.34372417 | L313: =IF(J313=1, "", IF(D313=90, ABS(MOD(F313-D313+180, 360)-180), ABS(IF(ABS(MOD(F313-(180-D313)+180, 360)-180) < ABS(MOD(F313-D313+180, 360)-180), MOD(F313-(180-D313)+180, 360)-180, MOD(F313-D313+180, 360)-180)))) -> 2.0669205 | M313: =IF(OR(J313=1, D313=90), 0, IF(ABS(MOD(F313-(180-D313)+180, 360)-180) < ABS(MOD(F313-D313+180, 360)-180), 1, 0)) -> 0
A314: 13 | B314: CircularDVF_Sph_EC_Off_Corr_Off | C314: 0.7 | D314: 135 | E314: 0.76318313 | F314: 129.25939 | G314: 0.063183125 | H314: -5.7406066 | I314: 0 | J314: 0 | K314: =IF(J314=1, "", E314) -> 0.76318313 | L314: =IF(J314=1, "", IF(D314=90, ABS(MOD(F314-D314+180, 360)-180), ABS(IF(ABS(MOD(F314-(180-D314)+180, 360)-180) < ABS(MOD(F314-D314+180, 360)-180), MOD(F314-(180-D314)+180, 360)-180, MOD(F314-D314+180, 360)-180)))) -> 5.7406066 | M314: =IF(OR(J314=1, D314=90), 0, IF(ABS(MOD(F314-(180-D314)+180, 360)-180) < ABS(MOD(F314-D314+180, 360)-180), 1, 0)) -> 0
... A451: 150 | B451: CircularDVF_Sph_EC_Off_Corr_Off | C451: 1 | D451: 135 | E451: 1.0260978 | F451: 135.83623 | G451: 0.026097829 | H451: 0.83622647 | I451: 0 | J451: 0 | K451: =IF(J451=1, "", E451) -> 1.0260978 | L451: =IF(J451=1, "", IF(D451=90, ABS(MOD(F451-D451+180, 360)-180), ABS(IF(ABS(MOD(F451-(180-D451)+180, 360)-180) < ABS(MOD(F451-D451+180, 360)-180), MOD(F451-(180-D451)+180, 360)-180, MOD(F451-D451+180, 360)-180)))) -> 0.83622647 | M451: =IF(OR(J451=1, D451=90), 0, IF(ABS(MOD(F451-(180-D451)+180, 360)-180) < ABS(MOD(F451-D451+180, 360)-180), 1, 0)) -> 0
A452: sub4 1 | B452: CircularDVF_Sph_EC_Off_Corr_Off | C452: 0.35 | D452: 45 | E452: 1.0151389 | F452: 27.386486 | G452: 0.66513887 | H452: -17.613514 | I452: 0 | J452: 0 | K452: =IF(J452=1, "", E452) -> 1.0151389 | L452: =IF(J452=1, "", IF(D452=90, ABS(MOD(F452-D452+180, 360)-180), ABS(IF(ABS(MOD(F452-(180-D452)+180, 360)-180) < ABS(MOD(F452-D452+180, 360)-180), MOD(F452-(180-D452)+180, 360)-180, MOD(F452-D452+180, 360)-180)))) -> 17.613514 | M452: =IF(OR(J452=1, D452=90), 0, IF(ABS(MOD(F452-(180-D452)+180, 360)-180) < ABS(MOD(F452-D452+180, 360)-180), 1, 0)) -> 0
A453: 2 | B453: CircularDVF_Sph_EC_Off_Corr_Off | C453: 1.5 | D453: 180 | E453: 0.9947348 | F453: 1.6068368 | G453: -0.5052652 | H453: -178.39316 | I453: 1 | J453: 0 | K453: =IF(J453=1, "", E453) -> 0.9947348 | L453: =IF(J453=1, "", IF(D453=90, ABS(MOD(F453-D453+180, 360)-180), ABS(IF(ABS(MOD(F453-(180-D453)+180, 360)-180) < ABS(MOD(F453-D453+180, 360)-180), MOD(F453-(180-D453)+180, 360)-180, MOD(F453-D453+180, 360)-180)))) -> 1.6068368 | M453: =IF(OR(J453=1, D453=90), 0, IF(ABS(MOD(F453-(180-D453)+180, 360)-180) < ABS(MOD(F453-D453+180, 360)-180), 1, 0)) -> 1
A454: 3 | B454: CircularDVF_Sph_EC_Off_Corr_Off | C454: 0.5 | D454: 0 | E454: 0.63907371 | F454: 3.4290076 | G454: 0.13907371 | H454: 3.4290076 | I454: 0 | J454: 0 | K454: =IF(J454=1, "", E454) -> 0.63907371 | L454: =IF(J454=1, "", IF(D454=90, ABS(MOD(F454-D454+180, 360)-180), ABS(IF(ABS(MOD(F454-(180-D454)+180, 360)-180) < ABS(MOD(F454-D454+180, 360)-180), MOD(F454-(180-D454)+180, 360)-180, MOD(F454-D454+180, 360)-180)))) -> 3.4290076 | M454: =IF(OR(J454=1, D454=90), 0, IF(ABS(MOD(F454-(180-D454)+180, 360)-180) < ABS(MOD(F454-D454+180, 360)-180), 1, 0)) -> 0
A455: 4 | B455: CircularDVF_Sph_EC_Off_Corr_Off | C455: 1 | D455: 45 | E455: 0.50907084 | F455: 86.800821 | G455: -0.49092916 | H455: 41.800821 | I455: 0 | J455: 0 | K455: =IF(J455=1, "", E455) -> 0.50907084 | L455: =IF(J455=1, "", IF(D455=90, ABS(MOD(F455-D455+180, 360)-180), ABS(IF(ABS(MOD(F455-(180-D455)+180, 360)-180) < ABS(MOD(F455-D455+180, 360)-180), MOD(F455-(180-D455)+180, 360)-180, MOD(F455-D455+180, 360)-180)))) -> 41.800821 | M455: =IF(OR(J455=1, D455=90), 0, IF(ABS(MOD(F455-(180-D455)+180, 360)-180) < ABS(MOD(F455-D455+180, 360)-180), 1, 0)) -> 0
A456: 5 | B456: CircularDVF_Sph_EC_Off_Corr_Off | C456: 1 | D456: 0 | E456: 0.52017642 | F456: 3.6437662 | G456: -0.47982358 | H456: 3.6437662 | I456: 0 | J456: 0 | K456: =IF(J456=1, "", E456) -> 0.52017642 | L456: =IF(J456=1, "", IF(D456=90, ABS(MOD(F456-D456+180, 360)-180), ABS(IF(ABS(MOD(F456-(180-D456)+180, 360)-180) < ABS(MOD(F456-D456+180, 360)-180), MOD(F456-(180-D456)+180, 360)-180, MOD(F456-D456+180, 360)-180)))) -> 3.6437662 | M456: =IF(OR(J456=1, D456=90), 0, IF(ABS(MOD(F456-(180-D456)+180, 360)-180) < ABS(MOD(F456-D456+180, 360)-180), 1, 0)) -> 0
A457: 6 | B457: CircularDVF_Sph_EC_Off_Corr_Off | C457: 0.5 | D457: 90 | E457: 1.2779905 | F457: 90.578959 | G457: 0.77799054 | H457: 0.57895947 | I457: 1 | J457: 0 | K457: =IF(J457=1, "", E457) -> 1.2779905 | L457: =IF(J457=1, "", IF(D457=90, ABS(MOD(F457-D457+180, 360)-180), ABS(IF(ABS(MOD(F457-(180-D457)+180, 360)-180) < ABS(MOD(F457-D457+180, 360)-180), MOD(F457-(180-D457)+180, 360)-180, MOD(F457-D457+180, 360)-180)))) -> 0.57895947 | M457: =IF(OR(J457=1, D457=90), 0, IF(ABS(MOD(F457-(180-D457)+180, 360)-180) < ABS(MOD(F457-D457+180, 360)-180), 1, 0)) -> 0
A458: 7 | B458: CircularDVF_Sph_EC_Off_Corr_Off | C458: 0.5 | D458: 135 | E458: 1.3586356 | F458: 126.51265 | G458: 0.85863559 | H458: -8.4873522 | I458: 0 | J458: 0 | K458: =IF(J458=1, "", E458) -> 1.3586356 | L458: =IF(J458=1, "", IF(D458=90, ABS(MOD(F458-D458+180, 360)-180), ABS(IF(ABS(MOD(F458-(180-D458)+180, 360)-180) < ABS(MOD(F458-D458+180, 360)-180), MOD(F458-(180-D458)+180, 360)-180, MOD(F458-D458+180, 360)-180)))) -> 8.4873522 | M458: =IF(OR(J458=1, D458=90), 0, IF(ABS(MOD(F458-(180-D458)+180, 360)-180) < ABS(MOD(F458-D458+180, 360)-180), 1, 0)) -> 0
A459: 8 | B459: CircularDVF_Sph_EC_Off_Corr_Off | C459: 0.5 | D459: 90 | E459: 1.3607706 | F459: 90.978762 | G459: 0.86077058 | H459: 0.97876206 | I459: 1 | J459: 0 | K459: =IF(J459=1, "", E459) -> 1.3607706 | L459: =IF(J459=1, "", IF(D459=90, ABS(MOD(F459-D459+180, 360)-180), ABS(IF(ABS(MOD(F459-(180-D459)+180, 360)-180) < ABS(MOD(F459-D459+180, 360)-180), MOD(F459-(180-D459)+180, 360)-180, MOD(F459-D459+180, 360)-180)))) -> 0.97876206 | M459: =IF(OR(J459=1, D459=90), 0, IF(ABS(MOD(F459-(180-D459)+180, 360)-180) < ABS(MOD(F459-D459+180, 360)-180), 1, 0)) -> 0
A460: 9 | B460: CircularDVF_Sph_EC_Off_Corr_Off | C460: 0.7 | D460: 90 | E460: 1.3303043 | F460: 91.891364 | G460: 0.63030426 | H460: 1.8913645 | I460: 1 | J460: 0 | K460: =IF(J460=1, "", E460) -> 1.3303043 | L460: =IF(J460=1, "", IF(D460=90, ABS(MOD(F460-D460+180, 360)-180), ABS(IF(ABS(MOD(F460-(180-D460)+180, 360)-180) < ABS(MOD(F460-D460+180, 360)-180), MOD(F460-(180-D460)+180, 360)-180, MOD(F460-D460+180, 360)-180)))) -> 1.8913645 | M460: =IF(OR(J460=1, D460=90), 0, IF(ABS(MOD(F460-(180-D460)+180, 360)-180) < ABS(MOD(F460-D460+180, 360)-180), 1, 0)) -> 0
A461: 10 | B461: CircularDVF_Sph_EC_Off_Corr_Off | C461: 1.5 | D461: 135 | E461: 1.4114273 | F461: 123.67262 | G461: -0.088572685 | H461: -11.327379 | I461: 0 | J461: 0 | K461: =IF(J461=1, "", E461) -> 1.4114273 | L461: =IF(J461=1, "", IF(D461=90, ABS(MOD(F461-D461+180, 360)-180), ABS(IF(ABS(MOD(F461-(180-D461)+180, 360)-180) < ABS(MOD(F461-D461+180, 360)-180), MOD(F461-(180-D461)+180, 360)-180, MOD(F461-D461+180, 360)-180)))) -> 11.327379 | M461: =IF(OR(J461=1, D461=90), 0, IF(ABS(MOD(F461-(180-D461)+180, 360)-180) < ABS(MOD(F461-D461+180, 360)-180), 1, 0)) -> 0
A462: 11 | B462: CircularDVF_Sph_EC_Off_Corr_Off | C462: 1 | D462: 90 | E462: 1.0196837 | F462: 90.43537 | G462: 0.019683653 | H462: 0.43536988 | I462: 1 | J462: 0 | K462: =IF(J462=1, "", E462) -> 1.0196837 | L462: =IF(J462=1, "", IF(D462=90, ABS(MOD(F462-D462+180, 360)-180), ABS(IF(ABS(MOD(F462-(180-D462)+180, 360)-180) < ABS(MOD(F462-D462+180, 360)-180), MOD(F462-(180-D462)+180, 360)-180, MOD(F462-D462+180, 360)-180)))) -> 0.43536988 | M462: =IF(OR(J462=1, D462=90), 0, IF(ABS(MOD(F462-(180-D462)+180, 360)-180) < ABS(MOD(F462-D462+180, 360)-180), 1, 0)) -> 0
A463: 12 | B463: CircularDVF_Sph_EC_Off_Corr_Off | C463: 1.5 | D463: 0 | E463: 0.78775998 | F463: 0.52597927 | G463: -0.71224002 | H463: 0.52597927 | I463: 0 | J463: 0 | K463: =IF(J463=1, "", E463) -> 0.78775998 | L463: =IF(J463=1, "", IF(D463=90, ABS(MOD(F463-D463+180, 360)-180), ABS(IF(ABS(MOD(F463-(180-D463)+180, 360)-180) < ABS(MOD(F463-D463+180, 360)-180), MOD(F463-(180-D463)+180, 360)-180, MOD(F463-D463+180, 360)-180)))) -> 0.52597927 | M463: =IF(OR(J463=1, D463=90), 0, IF(ABS(MOD(F463-(180-D463)+180, 360)-180) < ABS(MOD(F463-D463+180, 360)-180), 1, 0)) -> 0
A464: 13 | B464: CircularDVF_Sph_EC_Off_Corr_Off | C464: 0.7 | D464: 135 | E464: 1.2730895 | F464: 129.41862 | G464: 0.57308948 | H464: -5.5813757 | I464: 0 | J464: 0 | K464: =IF(J464=1, "", E464) -> 1.2730895 | L464: =IF(J464=1, "", IF(D464=90, ABS(MOD(F464-D464+180, 360)-180), ABS(IF(ABS(MOD(F464-(180-D464)+180, 360)-180) < ABS(MOD(F464-D464+180, 360)-180), MOD(F464-(180-D464)+180, 360)-180, MOD(F464-D464+180, 360)-180)))) -> 5.5813757 | M464: =IF(OR(J464=1, D464=90), 0, IF(ABS(MOD(F464-(180-D464)+180, 360)-180) < ABS(MOD(F464-D464+180, 360)-180), 1, 0)) -> 0
... A601: 150 | B601: CircularDVF_Sph_EC_Off_Corr_Off | C601: 1 | D601: 135 | E601: 1.0445551 | F601: 133.61747 | G601: 0.044555144 | H601: -1.3825259 | I601: 0 | J601: 0 | K601: =IF(J601=1, "", E601) -> 1.0445551 | L601: =IF(J601=1, "", IF(D601=90, ABS(MOD(F601-D601+180, 360)-180), ABS(IF(ABS(MOD(F601-(180-D601)+180, 360)-180) < ABS(MOD(F601-D601+180, 360)-180), MOD(F601-(180-D601)+180, 360)-180, MOD(F601-D601+180, 360)-180)))) -> 1.3825259 | M601: =IF(OR(J601=1, D601=90), 0, IF(ABS(MOD(F601-(180-D601)+180, 360)-180) < ABS(MOD(F601-D601+180, 360)-180), 1, 0)) -> 0
A602: sub5 1 | B602: CircularDVF_Sph_EC_Off_Corr_Off | C602: 1.5 | D602: 180 | E602: 0.71562642 | F602: 1.4062565 | G602: -0.78437358 | H602: -178.59374 | I602: 1 | J602: 0 | K602: =IF(J602=1, "", E602) -> 0.71562642 | L602: =IF(J602=1, "", IF(D602=90, ABS(MOD(F602-D602+180, 360)-180), ABS(IF(ABS(MOD(F602-(180-D602)+180, 360)-180) < ABS(MOD(F602-D602+180, 360)-180), MOD(F602-(180-D602)+180, 360)-180, MOD(F602-D602+180, 360)-180)))) -> 1.4062565 | M602: =IF(OR(J602=1, D602=90), 0, IF(ABS(MOD(F602-(180-D602)+180, 360)-180) < ABS(MOD(F602-D602+180, 360)-180), 1, 0)) -> 1
A603: 2 | B603: CircularDVF_Sph_EC_Off_Corr_Off | C603: 0.5 | D603: 0 | E603: 0.41587931 | F603: 0.9963479 | G603: -0.084120686 | H603: 0.9963479 | I603: 0 | J603: 0 | K603: =IF(J603=1, "", E603) -> 0.41587931 | L603: =IF(J603=1, "", IF(D603=90, ABS(MOD(F603-D603+180, 360)-180), ABS(IF(ABS(MOD(F603-(180-D603)+180, 360)-180) < ABS(MOD(F603-D603+180, 360)-180), MOD(F603-(180-D603)+180, 360)-180, MOD(F603-D603+180, 360)-180)))) -> 0.9963479 | M603: =IF(OR(J603=1, D603=90), 0, IF(ABS(MOD(F603-(180-D603)+180, 360)-180) < ABS(MOD(F603-D603+180, 360)-180), 1, 0)) -> 0
A604: 3 | B604: CircularDVF_Sph_EC_Off_Corr_Off | C604: 1 | D604: 0 | E604: 0.32291983 | F604: 1.2832109 | G604: -0.67708017 | H604: 1.2832109 | I604: 0 | J604: 0 | K604: =IF(J604=1, "", E604) -> 0.32291983 | L604: =IF(J604=1, "", IF(D604=90, ABS(MOD(F604-D604+180, 360)-180), ABS(IF(ABS(MOD(F604-(180-D604)+180, 360)-180) < ABS(MOD(F604-D604+180, 360)-180), MOD(F604-(180-D604)+180, 360)-180, MOD(F604-D604+180, 360)-180)))) -> 1.2832109 | M604: =IF(OR(J604=1, D604=90), 0, IF(ABS(MOD(F604-(180-D604)+180, 360)-180) < ABS(MOD(F604-D604+180, 360)-180), 1, 0)) -> 0
A605: 4 | B605: CircularDVF_Sph_EC_Off_Corr_Off | C605: 0.7 | D605: 0 | E605: 0.45721451 | F605: -1.0357431 | G605: -0.24278549 | H605: -1.0357431 | I605: 0 | J605: 0 | K605: =IF(J605=1, "", E605) -> 0.45721451 | L605: =IF(J605=1, "", IF(D605=90, ABS(MOD(F605-D605+180, 360)-180), ABS(IF(ABS(MOD(F605-(180-D605)+180, 360)-180) < ABS(MOD(F605-D605+180, 360)-180), MOD(F605-(180-D605)+180, 360)-180, MOD(F605-D605+180, 360)-180)))) -> 1.0357431 | M605: =IF(OR(J605=1, D605=90), 0, IF(ABS(MOD(F605-(180-D605)+180, 360)-180) < ABS(MOD(F605-D605+180, 360)-180), 1, 0)) -> 0
A606: 5 | B606: CircularDVF_Sph_EC_Off_Corr_Off | C606: 1 | D606: 90 | E606: 0.29134122 | F606: 90.507928 | G606: -0.70865878 | H606: 0.507928 | I606: 1 | J606: 0 | K606: =IF(J606=1, "", E606) -> 0.29134122 | L606: =IF(J606=1, "", IF(D606=90, ABS(MOD(F606-D606+180, 360)-180), ABS(IF(ABS(MOD(F606-(180-D606)+180, 360)-180) < ABS(MOD(F606-D606+180, 360)-180), MOD(F606-(180-D606)+180, 360)-180, MOD(F606-D606+180, 360)-180)))) -> 0.507928 | M606: =IF(OR(J606=1, D606=90), 0, IF(ABS(MOD(F606-(180-D606)+180, 360)-180) < ABS(MOD(F606-D606+180, 360)-180), 1, 0)) -> 0
A607: 6 | B607: CircularDVF_Sph_EC_Off_Corr_Off | C607: 0.35 | D607: 0 | E607: 0.57173564 | F607: 3.3147853 | G607: 0.22173564 | H607: 3.3147853 | I607: 0 | J607: 0 | K607: =IF(J607=1, "", E607) -> 0.57173564 | L607: =IF(J607=1, "", IF(D607=90, ABS(MOD(F607-D607+180, 360)-180), ABS(IF(ABS(MOD(F607-(180-D607)+180, 360)-180) < ABS(MOD(F607-D607+180, 360)-180), MOD(F607-(180-D607)+180, 360)-180, MOD(F607-D607+180, 360)-180)))) -> 3.3147853 | M607: =IF(OR(J607=1, D607=90), 0, IF(ABS(MOD(F607-(180-D607)+180, 360)-180) < ABS(MOD(F607-D607+180, 360)-180), 1, 0)) -> 0
A608: 7 | B608: CircularDVF_Sph_EC_Off_Corr_Off | C608: 0.5 | D608: 90 | E608: 0.28626923 | F608: 88.449049 | G608: -0.21373077 | H608: -1.5509508 | I608: 0 | J608: 0 | K608: =IF(J608=1, "", E608) -> 0.28626923 | L608: =IF(J608=1, "", IF(D608=90, ABS(MOD(F608-D608+180, 360)-180), ABS(IF(ABS(MOD(F608-(180-D608)+180, 360)-180) < ABS(MOD(F608-D608+180, 360)-180), MOD(F608-(180-D608)+180, 360)-180, MOD(F608-D608+180, 360)-180)))) -> 1.5509508 | M608: =IF(OR(J608=1, D608=90), 0, IF(ABS(MOD(F608-(180-D608)+180, 360)-180) < ABS(MOD(F608-D608+180, 360)-180), 1, 0)) -> 0
A609: 8 | B609: CircularDVF_Sph_EC_Off_Corr_Off | C609: 0.35 | D609: 0 | E609: 0.75208627 | F609: 2.1254658 | G609: 0.40208627 | H609: 2.1254658 | I609: 0 | J609: 0 | K609: =IF(J609=1, "", E609) -> 0.75208627 | L609: =IF(J609=1, "", IF(D609=90, ABS(MOD(F609-D609+180, 360)-180), ABS(IF(ABS(MOD(F609-(180-D609)+180, 360)-180) < ABS(MOD(F609-D609+180, 360)-180), MOD(F609-(180-D609)+180, 360)-180, MOD(F609-D609+180, 360)-180)))) -> 2.1254658 | M609: =IF(OR(J609=1, D609=90), 0, IF(ABS(MOD(F609-(180-D609)+180, 360)-180) < ABS(MOD(F609-D609+180, 360)-180), 1, 0)) -> 0
A610: 9 | B610: CircularDVF_Sph_EC_Off_Corr_Off | C610: 0.35 | D610: 180 | E610: 1.0050616 | F610: 178.40968 | G610: 0.65506163 | H610: -1.5903226 | I610: 0 | J610: 0 | K610: =IF(J610=1, "", E610) -> 1.0050616 | L610: =IF(J610=1, "", IF(D610=90, ABS(MOD(F610-D610+180, 360)-180), ABS(IF(ABS(MOD(F610-(180-D610)+180, 360)-180) < ABS(MOD(F610-D610+180, 360)-180), MOD(F610-(180-D610)+180, 360)-180, MOD(F610-D610+180, 360)-180)))) -> 1.5903226 | M610: =IF(OR(J610=1, D610=90), 0, IF(ABS(MOD(F610-(180-D610)+180, 360)-180) < ABS(MOD(F610-D610+180, 360)-180), 1, 0)) -> 0
A611: 10 | B611: CircularDVF_Sph_EC_Off_Corr_Off | C611: 1.5 | D611: 135 | E611: 0.98241117 | F611: 136.29953 | G611: -0.51758883 | H611: 1.2995326 | I611: 0 | J611: 0 | K611: =IF(J611=1, "", E611) -> 0.98241117 | L611: =IF(J611=1, "", IF(D611=90, ABS(MOD(F611-D611+180, 360)-180), ABS(IF(ABS(MOD(F611-(180-D611)+180, 360)-180) < ABS(MOD(F611-D611+180, 360)-180), MOD(F611-(180-D611)+180, 360)-180, MOD(F611-D611+180, 360)-180)))) -> 1.2995326 | M611: =IF(OR(J611=1, D611=90), 0, IF(ABS(MOD(F611-(180-D611)+180, 360)-180) < ABS(MOD(F611-D611+180, 360)-180), 1, 0)) -> 0
A612: 11 | B612: CircularDVF_Sph_EC_Off_Corr_Off | C612: 1 | D612: 135 | E612: 0.69740862 | F612: 133.82964 | G612: -0.30259138 | H612: -1.1703639 | I612: 0 | J612: 0 | K612: =IF(J612=1, "", E612) -> 0.69740862 | L612: =IF(J612=1, "", IF(D612=90, ABS(MOD(F612-D612+180, 360)-180), ABS(IF(ABS(MOD(F612-(180-D612)+180, 360)-180) < ABS(MOD(F612-D612+180, 360)-180), MOD(F612-(180-D612)+180, 360)-180, MOD(F612-D612+180, 360)-180)))) -> 1.1703639 | M612: =IF(OR(J612=1, D612=90), 0, IF(ABS(MOD(F612-(180-D612)+180, 360)-180) < ABS(MOD(F612-D612+180, 360)-180), 1, 0)) -> 0
A613: 12 | B613: CircularDVF_Sph_EC_Off_Corr_Off | C613: 0.35 | D613: 0 | E613: 0.70529874 | F613: 1.4268526 | G613: 0.35529874 | H613: 1.4268526 | I613: 0 | J613: 0 | K613: =IF(J613=1, "", E613) -> 0.70529874 | L613: =IF(J613=1, "", IF(D613=90, ABS(MOD(F613-D613+180, 360)-180), ABS(IF(ABS(MOD(F613-(180-D613)+180, 360)-180) < ABS(MOD(F613-D613+180, 360)-180), MOD(F613-(180-D613)+180, 360)-180, MOD(F613-D613+180, 360)-180)))) -> 1.4268526 | M613: =IF(OR(J613=1, D613=90), 0, IF(ABS(MOD(F613-(180-D613)+180, 360)-180) < ABS(MOD(F613-D613+180, 360)-180), 1, 0)) -> 0
A614: 13 | B614: CircularDVF_Sph_EC_Off_Corr_Off | C614: 0.35 | D614: 135 | E614: 0.79435401 | F614: 130.80739 | G614: 0.44435401 | H614: -4.1926063 | I614: 0 | J614: 0 | K614: =IF(J614=1, "", E614) -> 0.79435401 | L614: =IF(J614=1, "", IF(D614=90, ABS(MOD(F614-D614+180, 360)-180), ABS(IF(ABS(MOD(F614-(180-D614)+180, 360)-180) < ABS(MOD(F614-D614+180, 360)-180), MOD(F614-(180-D614)+180, 360)-180, MOD(F614-D614+180, 360)-180)))) -> 4.1926063 | M614: =IF(OR(J614=1, D614=90), 0, IF(ABS(MOD(F614-(180-D614)+180, 360)-180) < ABS(MOD(F614-D614+180, 360)-180), 1, 0)) -> 0
... A751: 150 | B751: CircularDVF_Sph_EC_Off_Corr_Off | C751: 0.5 | D751: 180 | E751: 0.68442148 | F751: 179.82703 | G751: 0.18442148 | H751: -0.17296787 | I751: 0 | J751: 0 | K751: =IF(J751=1, "", E751) -> 0.68442148 | L751: =IF(J751=1, "", IF(D751=90, ABS(MOD(F751-D751+180, 360)-180), ABS(IF(ABS(MOD(F751-(180-D751)+180, 360)-180) < ABS(MOD(F751-D751+180, 360)-180), MOD(F751-(180-D751)+180, 360)-180, MOD(F751-D751+180, 360)-180)))) -> 0.17296787 | M751: =IF(OR(J751=1, D751=90), 0, IF(ABS(MOD(F751-(180-D751)+180, 360)-180) < ABS(MOD(F751-D751+180, 360)-180), 1, 0)) -> 0
A752: sub6 1 | B752: CircularDVF_Sph_EC_Off_Corr_Off | C752: 1.5 | D752: 0 | E752: 0.55039766 | F752: 1.82854 | G752: -0.94960234 | H752: 1.82854 | I752: 0 | J752: 0 | K752: =IF(J752=1, "", E752) -> 0.55039766 | L752: =IF(J752=1, "", IF(D752=90, ABS(MOD(F752-D752+180, 360)-180), ABS(IF(ABS(MOD(F752-(180-D752)+180, 360)-180) < ABS(MOD(F752-D752+180, 360)-180), MOD(F752-(180-D752)+180, 360)-180, MOD(F752-D752+180, 360)-180)))) -> 1.82854 | M752: =IF(OR(J752=1, D752=90), 0, IF(ABS(MOD(F752-(180-D752)+180, 360)-180) < ABS(MOD(F752-D752+180, 360)-180), 1, 0)) -> 0
A753: 2 | B753: CircularDVF_Sph_EC_Off_Corr_Off | C753: 1 | D753: 45 | E753: 0.56223449 | F753: 43.84605 | G753: -0.43776551 | H753: -1.15395 | I753: 0 | J753: 0 | K753: =IF(J753=1, "", E753) -> 0.56223449 | L753: =IF(J753=1, "", IF(D753=90, ABS(MOD(F753-D753+180, 360)-180), ABS(IF(ABS(MOD(F753-(180-D753)+180, 360)-180) < ABS(MOD(F753-D753+180, 360)-180), MOD(F753-(180-D753)+180, 360)-180, MOD(F753-D753+180, 360)-180)))) -> 1.15395 | M753: =IF(OR(J753=1, D753=90), 0, IF(ABS(MOD(F753-(180-D753)+180, 360)-180) < ABS(MOD(F753-D753+180, 360)-180), 1, 0)) -> 0
A754: 3 | B754: CircularDVF_Sph_EC_Off_Corr_Off | C754: 0.5 | D754: 0 | E754: 0.94801755 | F754: 1.0614897 | G754: 0.44801755 | H754: 1.0614897 | I754: 0 | J754: 0 | K754: =IF(J754=1, "", E754) -> 0.94801755 | L754: =IF(J754=1, "", IF(D754=90, ABS(MOD(F754-D754+180, 360)-180), ABS(IF(ABS(MOD(F754-(180-D754)+180, 360)-180) < ABS(MOD(F754-D754+180, 360)-180), MOD(F754-(180-D754)+180, 360)-180, MOD(F754-D754+180, 360)-180)))) -> 1.0614897 | M754: =IF(OR(J754=1, D754=90), 0, IF(ABS(MOD(F754-(180-D754)+180, 360)-180) < ABS(MOD(F754-D754+180, 360)-180), 1, 0)) -> 0
A755: 4 | B755: CircularDVF_Sph_EC_Off_Corr_Off | C755: 0.5 | D755: 45 | E755: 1.4797469 | F755: 54.218195 | G755: 0.97974687 | H755: 9.2181953 | I755: 0 | J755: 0 | K755: =IF(J755=1, "", E755) -> 1.4797469 | L755: =IF(J755=1, "", IF(D755=90, ABS(MOD(F755-D755+180, 360)-180), ABS(IF(ABS(MOD(F755-(180-D755)+180, 360)-180) < ABS(MOD(F755-D755+180, 360)-180), MOD(F755-(180-D755)+180, 360)-180, MOD(F755-D755+180, 360)-180)))) -> 9.2181953 | M755: =IF(OR(J755=1, D755=90), 0, IF(ABS(MOD(F755-(180-D755)+180, 360)-180) < ABS(MOD(F755-D755+180, 360)-180), 1, 0)) -> 0
A756: 5 | B756: CircularDVF_Sph_EC_Off_Corr_Off | C756: 0.35 | D756: 135 | E756: 1.49525 | F756: 88.713338 | G756: 1.14525 | H756: -46.286662 | I756: 1 | J756: 0 | K756: =IF(J756=1, "", E756) -> 1.49525 | L756: =IF(J756=1, "", IF(D756=90, ABS(MOD(F756-D756+180, 360)-180), ABS(IF(ABS(MOD(F756-(180-D756)+180, 360)-180) < ABS(MOD(F756-D756+180, 360)-180), MOD(F756-(180-D756)+180, 360)-180, MOD(F756-D756+180, 360)-180)))) -> 43.713338 | M756: =IF(OR(J756=1, D756=90), 0, IF(ABS(MOD(F756-(180-D756)+180, 360)-180) < ABS(MOD(F756-D756+180, 360)-180), 1, 0)) -> 1
A757: 6 | B757: CircularDVF_Sph_EC_Off_Corr_Off | C757: 0.5 | D757: 0 | E757: 1.3301157 | F757: 0.31150796 | G757: 0.83011571 | H757: 0.31150796 | I757: 0 | J757: 0 | K757: =IF(J757=1, "", E757) -> 1.3301157 | L757: =IF(J757=1, "", IF(D757=90, ABS(MOD(F757-D757+180, 360)-180), ABS(IF(ABS(MOD(F757-(180-D757)+180, 360)-180) < ABS(MOD(F757-D757+180, 360)-180), MOD(F757-(180-D757)+180, 360)-180, MOD(F757-D757+180, 360)-180)))) -> 0.31150796 | M757: =IF(OR(J757=1, D757=90), 0, IF(ABS(MOD(F757-(180-D757)+180, 360)-180) < ABS(MOD(F757-D757+180, 360)-180), 1, 0)) -> 0
A758: 7 | B758: CircularDVF_Sph_EC_Off_Corr_Off | C758: 1 | D758: 0 | E758: 1.009842 | F758: 0.11722905 | G758: 0.0098420283 | H758: 0.11722905 | I758: 0 | J758: 0 | K758: =IF(J758=1, "", E758) -> 1.009842 | L758: =IF(J758=1, "", IF(D758=90, ABS(MOD(F758-D758+180, 360)-180), ABS(IF(ABS(MOD(F758-(180-D758)+180, 360)-180) < ABS(MOD(F758-D758+180, 360)-180), MOD(F758-(180-D758)+180, 360)-180, MOD(F758-D758+180, 360)-180)))) -> 0.11722905 | M758: =IF(OR(J758=1, D758=90), 0, IF(ABS(MOD(F758-(180-D758)+180, 360)-180) < ABS(MOD(F758-D758+180, 360)-180), 1, 0)) -> 0
A759: 8 | B759: CircularDVF_Sph_EC_Off_Corr_Off | C759: 1 | D759: 0 | E759: 1.009842 | F759: 0.11722905 | G759: 0.0098420283 | H759: 0.11722905 | I759: 0 | J759: 0 | K759: =IF(J759=1, "", E759) -> 1.009842 | L759: =IF(J759=1, "", IF(D759=90, ABS(MOD(F759-D759+180, 360)-180), ABS(IF(ABS(MOD(F759-(180-D759)+180, 360)-180) < ABS(MOD(F759-D759+180, 360)-180), MOD(F759-(180-D759)+180, 360)-180, MOD(F759-D759+180, 360)-180)))) -> 0.11722905 | M759: =IF(OR(J759=1, D759=90), 0, IF(ABS(MOD(F759-(180-D759)+180, 360)-180) < ABS(MOD(F759-D759+180, 360)-180), 1, 0)) -> 0
A760: 9 | B760: CircularDVF_Sph_EC_Off_Corr_Off | C760: 1.5 | D760: 180 | E760: 0.9788741 | F760: 179.57671 | G760: -0.5211259 | H760: -0.42328566 | I760: 0 | J760: 0 | K760: =IF(J760=1, "", E760) -> 0.9788741 | L760: =IF(J760=1, "", IF(D760=90, ABS(MOD(F760-D760+180, 360)-180), ABS(IF(ABS(MOD(F760-(180-D760)+180, 360)-180) < ABS(MOD(F760-D760+180, 360)-180), MOD(F760-(180-D760)+180, 360)-180, MOD(F760-D760+180, 360)-180)))) -> 0.42328566 | M760: =IF(OR(J760=1, D760=90), 0, IF(ABS(MOD(F760-(180-D760)+180, 360)-180) < ABS(MOD(F760-D760+180, 360)-180), 1, 0)) -> 0
A761: 10 | B761: CircularDVF_Sph_EC_Off_Corr_Off | C761: 1 | D761: 180 | E761: 1.2164607 | F761: -179.85402 | G761: 0.21646073 | H761: 0.14597619 | I761: 1 | J761: 0 | K761: =IF(J761=1, "", E761) -> 1.2164607 | L761: =IF(J761=1, "", IF(D761=90, ABS(MOD(F761-D761+180, 360)-180), ABS(IF(ABS(MOD(F761-(180-D761)+180, 360)-180) < ABS(MOD(F761-D761+180, 360)-180), MOD(F761-(180-D761)+180, 360)-180, MOD(F761-D761+180, 360)-180)))) -> 0.14597619 | M761: =IF(OR(J761=1, D761=90), 0, IF(ABS(MOD(F761-(180-D761)+180, 360)-180) < ABS(MOD(F761-D761+180, 360)-180), 1, 0)) -> 0
A762: 11 | B762: CircularDVF_Sph_EC_Off_Corr_Off | C762: 1 | D762: 135 | E762: 1.0039115 | F762: 130.22078 | G762: 0.0039114737 | H762: -4.779222 | I762: 0 | J762: 0 | K762: =IF(J762=1, "", E762) -> 1.0039115 | L762: =IF(J762=1, "", IF(D762=90, ABS(MOD(F762-D762+180, 360)-180), ABS(IF(ABS(MOD(F762-(180-D762)+180, 360)-180) < ABS(MOD(F762-D762+180, 360)-180), MOD(F762-(180-D762)+180, 360)-180, MOD(F762-D762+180, 360)-180)))) -> 4.779222 | M762: =IF(OR(J762=1, D762=90), 0, IF(ABS(MOD(F762-(180-D762)+180, 360)-180) < ABS(MOD(F762-D762+180, 360)-180), 1, 0)) -> 0
A763: 12 | B763: CircularDVF_Sph_EC_Off_Corr_Off | C763: 1.5 | D763: 45 | E763: 0.99637501 | F763: 64.019444 | G763: -0.50362499 | H763: 19.019444 | I763: 0 | J763: 0 | K763: =IF(J763=1, "", E763) -> 0.99637501 | L763: =IF(J763=1, "", IF(D763=90, ABS(MOD(F763-D763+180, 360)-180), ABS(IF(ABS(MOD(F763-(180-D763)+180, 360)-180) < ABS(MOD(F763-D763+180, 360)-180), MOD(F763-(180-D763)+180, 360)-180, MOD(F763-D763+180, 360)-180)))) -> 19.019444 | M763: =IF(OR(J763=1, D763=90), 0, IF(ABS(MOD(F763-(180-D763)+180, 360)-180) < ABS(MOD(F763-D763+180, 360)-180), 1, 0)) -> 0
A764: 13 | B764: CircularDVF_Sph_EC_Off_Corr_Off | C764: 0.5 | D764: 0 | E764: 1.0150311 | F764: 0.4082073 | G764: 0.5150311 | H764: 0.4082073 | I764: 0 | J764: 0 | K764: =IF(J764=1, "", E764) -> 1.0150311 | L764: =IF(J764=1, "", IF(D764=90, ABS(MOD(F764-D764+180, 360)-180), ABS(IF(ABS(MOD(F764-(180-D764)+180, 360)-180) < ABS(MOD(F764-D764+180, 360)-180), MOD(F764-(180-D764)+180, 360)-180, MOD(F764-D764+180, 360)-180)))) -> 0.4082073 | M764: =IF(OR(J764=1, D764=90), 0, IF(ABS(MOD(F764-(180-D764)+180, 360)-180) < ABS(MOD(F764-D764+180, 360)-180), 1, 0)) -> 0
... A901: 150 | B901: CircularDVF_Sph_EC_Off_Corr_Off | C901: 1 | D901: 180 | E901: 1.7278857 | F901: -179.55466 | G901: 0.72788571 | H901: 0.44533939 | I901: 1 | J901: 0 | K901: =IF(J901=1, "", E901) -> 1.7278857 | L901: =IF(J901=1, "", IF(D901=90, ABS(MOD(F901-D901+180, 360)-180), ABS(IF(ABS(MOD(F901-(180-D901)+180, 360)-180) < ABS(MOD(F901-D901+180, 360)-180), MOD(F901-(180-D901)+180, 360)-180, MOD(F901-D901+180, 360)-180)))) -> 0.44533939 | M901: =IF(OR(J901=1, D901=90), 0, IF(ABS(MOD(F901-(180-D901)+180, 360)-180) < ABS(MOD(F901-D901+180, 360)-180), 1, 0)) -> 0
A902: sub7 1 | B902: CircularDVF_Sph_EC_Off_Corr_Off | C902: 1.5 | D902: 180 | E902: 0.99958595 | F902: 0.71060889 | G902: -0.50041405 | H902: -179.28939 | I902: 1 | J902: 0 | K902: =IF(J902=1, "", E902) -> 0.99958595 | L902: =IF(J902=1, "", IF(D902=90, ABS(MOD(F902-D902+180, 360)-180), ABS(IF(ABS(MOD(F902-(180-D902)+180, 360)-180) < ABS(MOD(F902-D902+180, 360)-180), MOD(F902-(180-D902)+180, 360)-180, MOD(F902-D902+180, 360)-180)))) -> 0.71060889 | M902: =IF(OR(J902=1, D902=90), 0, IF(ABS(MOD(F902-(180-D902)+180, 360)-180) < ABS(MOD(F902-D902+180, 360)-180), 1, 0)) -> 1
A903: 2 | B903: CircularDVF_Sph_EC_Off_Corr_Off | C903: 0.35 | D903: 90 | E903: 0.78149278 | F903: 43.63416 | G903: 0.43149278 | H903: -46.36584 | I903: 0 | J903: 0 | K903: =IF(J903=1, "", E903) -> 0.78149278 | L903: =IF(J903=1, "", IF(D903=90, ABS(MOD(F903-D903+180, 360)-180), ABS(IF(ABS(MOD(F903-(180-D903)+180, 360)-180) < ABS(MOD(F903-D903+180, 360)-180), MOD(F903-(180-D903)+180, 360)-180, MOD(F903-D903+180, 360)-180)))) -> 46.36584 | M903: =IF(OR(J903=1, D903=90), 0, IF(ABS(MOD(F903-(180-D903)+180, 360)-180) < ABS(MOD(F903-D903+180, 360)-180), 1, 0)) -> 0
A904: 3 | B904: CircularDVF_Sph_EC_Off_Corr_Off | C904: 0.7 | D904: 45 | E904: 0.69386072 | F904: 43.461621 | G904: -0.0061392834 | H904: -1.5383794 | I904: 0 | J904: 0 | K904: =IF(J904=1, "", E904) -> 0.69386072 | L904: =IF(J904=1, "", IF(D904=90, ABS(MOD(F904-D904+180, 360)-180), ABS(IF(ABS(MOD(F904-(180-D904)+180, 360)-180) < ABS(MOD(F904-D904+180, 360)-180), MOD(F904-(180-D904)+180, 360)-180, MOD(F904-D904+180, 360)-180)))) -> 1.5383794 | M904: =IF(OR(J904=1, D904=90), 0, IF(ABS(MOD(F904-(180-D904)+180, 360)-180) < ABS(MOD(F904-D904+180, 360)-180), 1, 0)) -> 0
A905: 4 | B905: CircularDVF_Sph_EC_Off_Corr_Off | C905: 0.7 | D905: 180 | E905: 0.95848026 | F905: -178.57948 | G905: 0.25848026 | H905: 1.4205207 | I905: 1 | J905: 0 | K905: =IF(J905=1, "", E905) -> 0.95848026 | L905: =IF(J905=1, "", IF(D905=90, ABS(MOD(F905-D905+180, 360)-180), ABS(IF(ABS(MOD(F905-(180-D905)+180, 360)-180) < ABS(MOD(F905-D905+180, 360)-180), MOD(F905-(180-D905)+180, 360)-180, MOD(F905-D905+180, 360)-180)))) -> 1.4205207 | M905: =IF(OR(J905=1, D905=90), 0, IF(ABS(MOD(F905-(180-D905)+180, 360)-180) < ABS(MOD(F905-D905+180, 360)-180), 1, 0)) -> 0
A906: 5 | B906: CircularDVF_Sph_EC_Off_Corr_Off | C906: 0.35 | D906: 45 | E906: 0.75249768 | F906: 43.025066 | G906: 0.40249768 | H906: -1.974934 | I906: 0 | J906: 0 | K906: =IF(J906=1, "", E906) -> 0.75249768 | L906: =IF(J906=1, "", IF(D906=90, ABS(MOD(F906-D906+180, 360)-180), ABS(IF(ABS(MOD(F906-(180-D906)+180, 360)-180) < ABS(MOD(F906-D906+180, 360)-180), MOD(F906-(180-D906)+180, 360)-180, MOD(F906-D906+180, 360)-180)))) -> 1.974934 | M906: =IF(OR(J906=1, D906=90), 0, IF(ABS(MOD(F906-(180-D906)+180, 360)-180) < ABS(MOD(F906-D906+180, 360)-180), 1, 0)) -> 0
A907: 6 | B907: CircularDVF_Sph_EC_Off_Corr_Off | C907: 0.5 | D907: 45 | E907: 0.72682474 | F907: 43.243365 | G907: 0.22682474 | H907: -1.7566352 | I907: 0 | J907: 0 | K907: =IF(J907=1, "", E907) -> 0.72682474 | L907: =IF(J907=1, "", IF(D907=90, ABS(MOD(F907-D907+180, 360)-180), ABS(IF(ABS(MOD(F907-(180-D907)+180, 360)-180) < ABS(MOD(F907-D907+180, 360)-180), MOD(F907-(180-D907)+180, 360)-180, MOD(F907-D907+180, 360)-180)))) -> 1.7566352 | M907: =IF(OR(J907=1, D907=90), 0, IF(ABS(MOD(F907-(180-D907)+180, 360)-180) < ABS(MOD(F907-D907+180, 360)-180), 1, 0)) -> 0
A908: 7 | B908: CircularDVF_Sph_EC_Off_Corr_Off | C908: 0.5 | D908: 0 | E908: 0.72068294 | F908: 0.9856366 | G908: 0.22068294 | H908: 0.9856366 | I908: 0 | J908: 0 | K908: =IF(J908=1, "", E908) -> 0.72068294 | L908: =IF(J908=1, "", IF(D908=90, ABS(MOD(F908-D908+180, 360)-180), ABS(IF(ABS(MOD(F908-(180-D908)+180, 360)-180) < ABS(MOD(F908-D908+180, 360)-180), MOD(F908-(180-D908)+180, 360)-180, MOD(F908-D908+180, 360)-180)))) -> 0.9856366 | M908: =IF(OR(J908=1, D908=90), 0, IF(ABS(MOD(F908-(180-D908)+180, 360)-180) < ABS(MOD(F908-D908+180, 360)-180), 1, 0)) -> 0
A909: 8 | B909: CircularDVF_Sph_EC_Off_Corr_Off | C909: 0.5 | D909: 45 | E909: 0.92265202 | F909: 49.29085 | G909: 0.42265202 | H909: 4.2908497 | I909: 0 | J909: 0 | K909: =IF(J909=1, "", E909) -> 0.92265202 | L909: =IF(J909=1, "", IF(D909=90, ABS(MOD(F909-D909+180, 360)-180), ABS(IF(ABS(MOD(F909-(180-D909)+180, 360)-180) < ABS(MOD(F909-D909+180, 360)-180), MOD(F909-(180-D909)+180, 360)-180, MOD(F909-D909+180, 360)-180)))) -> 4.2908497 | M909: =IF(OR(J909=1, D909=90), 0, IF(ABS(MOD(F909-(180-D909)+180, 360)-180) < ABS(MOD(F909-D909+180, 360)-180), 1, 0)) -> 0
A910: 9 | B910: CircularDVF_Sph_EC_Off_Corr_Off | C910: 0.5 | D910: 90 | E910: 1.0056216 | F910: 86.908325 | G910: 0.50562162 | H910: -3.0916753 | I910: 0 | J910: 0 | K910: =IF(J910=1, "", E910) -> 1.0056216 | L910: =IF(J910=1, "", IF(D910=90, ABS(MOD(F910-D910+180, 360)-180), ABS(IF(ABS(MOD(F910-(180-D910)+180, 360)-180) < ABS(MOD(F910-D910+180, 360)-180), MOD(F910-(180-D910)+180, 360)-180, MOD(F910-D910+180, 360)-180)))) -> 3.0916753 | M910: =IF(OR(J910=1, D910=90), 0, IF(ABS(MOD(F910-(180-D910)+180, 360)-180) < ABS(MOD(F910-D910+180, 360)-180), 1, 0)) -> 0
A911: 10 | B911: CircularDVF_Sph_EC_Off_Corr_Off | C911: 1 | D911: 45 | E911: 0.9989104 | F911: 48.752757 | G911: -0.0010896026 | H911: 3.7527572 | I911: 0 | J911: 0 | K911: =IF(J911=1, "", E911) -> 0.9989104 | L911: =IF(J911=1, "", IF(D911=90, ABS(MOD(F911-D911+180, 360)-180), ABS(IF(ABS(MOD(F911-(180-D911)+180, 360)-180) < ABS(MOD(F911-D911+180, 360)-180), MOD(F911-(180-D911)+180, 360)-180, MOD(F911-D911+180, 360)-180)))) -> 3.7527572 | M911: =IF(OR(J911=1, D911=90), 0, IF(ABS(MOD(F911-(180-D911)+180, 360)-180) < ABS(MOD(F911-D911+180, 360)-180), 1, 0)) -> 0
A912: 11 | B912: CircularDVF_Sph_EC_Off_Corr_Off | C912: 0.35 | D912: 90 | E912: 0.99915611 | F912: 88.96322 | G912: 0.64915611 | H912: -1.0367805 | I912: 0 | J912: 0 | K912: =IF(J912=1, "", E912) -> 0.99915611 | L912: =IF(J912=1, "", IF(D912=90, ABS(MOD(F912-D912+180, 360)-180), ABS(IF(ABS(MOD(F912-(180-D912)+180, 360)-180) < ABS(MOD(F912-D912+180, 360)-180), MOD(F912-(180-D912)+180, 360)-180, MOD(F912-D912+180, 360)-180)))) -> 1.0367805 | M912: =IF(OR(J912=1, D912=90), 0, IF(ABS(MOD(F912-(180-D912)+180, 360)-180) < ABS(MOD(F912-D912+180, 360)-180), 1, 0)) -> 0
A913: 12 | B913: CircularDVF_Sph_EC_Off_Corr_Off | C913: 0.35 | D913: 180 | E913: 0.98401498 | F913: 179.87969 | G913: 0.63401498 | H913: -0.12030592 | I913: 0 | J913: 0 | K913: =IF(J913=1, "", E913) -> 0.98401498 | L913: =IF(J913=1, "", IF(D913=90, ABS(MOD(F913-D913+180, 360)-180), ABS(IF(ABS(MOD(F913-(180-D913)+180, 360)-180) < ABS(MOD(F913-D913+180, 360)-180), MOD(F913-(180-D913)+180, 360)-180, MOD(F913-D913+180, 360)-180)))) -> 0.12030592 | M913: =IF(OR(J913=1, D913=90), 0, IF(ABS(MOD(F913-(180-D913)+180, 360)-180) < ABS(MOD(F913-D913+180, 360)-180), 1, 0)) -> 0
A914: 13 | B914: CircularDVF_Sph_EC_Off_Corr_Off | C914: 0.35 | D914: 180 | E914: 0.84534156 | F914: 173.19199 | G914: 0.49534156 | H914: -6.8080125 | I914: 0 | J914: 0 | K914: =IF(J914=1, "", E914) -> 0.84534156 | L914: =IF(J914=1, "", IF(D914=90, ABS(MOD(F914-D914+180, 360)-180), ABS(IF(ABS(MOD(F914-(180-D914)+180, 360)-180) < ABS(MOD(F914-D914+180, 360)-180), MOD(F914-(180-D914)+180, 360)-180, MOD(F914-D914+180, 360)-180)))) -> 6.8080125 | M914: =IF(OR(J914=1, D914=90), 0, IF(ABS(MOD(F914-(180-D914)+180, 360)-180) < ABS(MOD(F914-D914+180, 360)-180), 1, 0)) -> 0
... A1051: 150 | B1051: CircularDVF_Sph_EC_Off_Corr_Off | C1051: 1 | D1051: 135 | E1051: 0.99687029 | F1051: 134.18124 | G1051: -0.0031297111 | H1051: -0.81875533 | I1051: 0 | J1051: 0 | K1051: =IF(J1051=1, "", E1051) -> 0.99687029 | L1051: =IF(J1051=1, "", IF(D1051=90, ABS(MOD(F1051-D1051+180, 360)-180), ABS(IF(ABS(MOD(F1051-(180-D1051)+180, 360)-180) < ABS(MOD(F1051-D1051+180, 360)-180), MOD(F1051-(180-D1051)+180, 360)-180, MOD(F1051-D1051+180, 360)-180)))) -> 0.81875533 | M1051: =IF(OR(J1051=1, D1051=90), 0, IF(ABS(MOD(F1051-(180-D1051)+180, 360)-180) < ABS(MOD(F1051-D1051+180, 360)-180), 1, 0)) -> 0
A1052: sub8 1 | B1052: CircularDVF_Sph_EC_Off_Corr_Off | C1052: 0.7 | D1052: 135 | E1052: 1.438249 | F1052: 131.73797 | G1052: 0.738249 | H1052: -3.2620335 | I1052: 0 | J1052: 0 | K1052: =IF(J1052=1, "", E1052) -> 1.438249 | L1052: =IF(J1052=1, "", IF(D1052=90, ABS(MOD(F1052-D1052+180, 360)-180), ABS(IF(ABS(MOD(F1052-(180-D1052)+180, 360)-180) < ABS(MOD(F1052-D1052+180, 360)-180), MOD(F1052-(180-D1052)+180, 360)-180, MOD(F1052-D1052+180, 360)-180)))) -> 3.2620335 | M1052: =IF(OR(J1052=1, D1052=90), 0, IF(ABS(MOD(F1052-(180-D1052)+180, 360)-180) < ABS(MOD(F1052-D1052+180, 360)-180), 1, 0)) -> 0
...

Sheet A_avarage
A1: 行ラベル | B1: 平均 / 分析距離 | C1: 標準偏差 / 分析距離2 | D1: 数値の個数 / 分析距離3 | E1: 平均 / 有効角度誤差 | F1: 標準偏差 / 有効角度誤差2 | G1: 数値の個数 / 有効角度誤差3
A2: 0 | B2: 0.68130176 | C2: 0.28957619 | D2: 363 | E2: 7.7897615 | F2: 14.997573 | G2: 363
A3: 0.35 | B3: 0.75128282 | C3: 0.27461359 | D3: 73 | E3: 8.4363374 | F3: 16.530056 | G3: 73
A4: 0.5 | B4: 0.73990975 | C4: 0.28518684 | D4: 70 | E4: 6.4077887 | F4: 11.615941 | G4: 70
A5: 0.7 | B5: 0.63309043 | C5: 0.28078666 | D5: 74 | E5: 8.2962457 | F5: 14.557592 | G5: 74
A6: 1 | B6: 0.66232135 | C6: 0.29959638 | D6: 73 | E6: 8.2563545 | F6: 17.948354 | G6: 73
A7: 1.5 | B7: 0.6229734 | C7: 0.28210608 | D7: 73 | E7: 7.4883499 | F7: 13.268677 | G7: 73
A8: 45 | B8: 0.91962852 | C8: 0.35558863 | D8: 390 | E8: 18.966892 | F8: 16.193551 | G8: 390
A9: 0.35 | B9: 0.90510778 | C9: 0.34676054 | D9: 78 | E9: 18.433541 | F9: 15.709978 | G9: 78
A10: 0.5 | B10: 0.91428677 | C10: 0.3548458 | D10: 78 | E10: 20.540601 | F10: 17.205585 | G10: 78
A11: 0.7 | B11: 0.9172527 | C11: 0.33585066 | D11: 78 | E11: 17.555957 | F11: 16.089001 | G11: 78
A12: 1 | B12: 0.92646772 | C12: 0.39321221 | D12: 78 | E12: 18.450953 | F12: 15.194603 | G12: 78
A13: 1.5 | B13: 0.93502761 | C13: 0.34368228 | D13: 78 | E13: 19.85341 | F13: 16.51618 | G13: 78
... A31: 1.5 | B31: 0.99518569 | C31: 0.39525419 | D31: 73 | E31: 6.3544409 | F31: 15.715975 | G31: 73
A32: 総計 | B32: 0.91875456 | C32: 0.36685047 | D32: 1900 | E32: 10.136509 | F32: 14.508644 | G32: 1900

Sheet B
B1: Condition | C1: TargetDist | D1: TargetAngle | E1: RespDist | F1: RespAngle | G1: ErrDist | H1: ErrAngle | I1: FBConf | J1: IsInsideHead | K1: 分析距離 | L1: 有効角度誤差 | M1: New FB
B2: CircularDVF_Sph_EC_On_Corr_Off | C2: 1.5 | D2: 180 | E2: 1.0267425 | F2: 2.9991525 | G2: -0.4732575 | H2: -177.00085 | I2: 1 | J2: 0 | K2: =IF(J2=1, "", E2) -> 1.0267425 | L2: =IF(J2=1, "", IF(D2=90, ABS(MOD(F2-D2+180, 360)-180), ABS(IF(ABS(MOD(F2-(180-D2)+180, 360)-180) < ABS(MOD(F2-D2+180, 360)-180), MOD(F2-(180-D2)+180, 360)-180, MOD(F2-D2+180, 360)-180)))) -> 2.9991525 | M2: =IF(OR(J2=1, D2=90), 0, IF(ABS(MOD(F2-(180-D2)+180, 360)-180) < ABS(MOD(F2-D2+180, 360)-180), 1, 0)) -> 1
B3: CircularDVF_Sph_EC_On_Corr_Off | C3: 0.5 | D3: 0 | E3: 0.95826589 | F3: 0.74125175 | G3: 0.45826589 | H3: 0.74125175 | I3: 0 | J3: 0 | K3: =IF(J3=1, "", E3) -> 0.95826589 | L3: =IF(J3=1, "", IF(D3=90, ABS(MOD(F3-D3+180, 360)-180), ABS(IF(ABS(MOD(F3-(180-D3)+180, 360)-180) < ABS(MOD(F3-D3+180, 360)-180), MOD(F3-(180-D3)+180, 360)-180, MOD(F3-D3+180, 360)-180)))) -> 0.74125175 | M3: =IF(OR(J3=1, D3=90), 0, IF(ABS(MOD(F3-(180-D3)+180, 360)-180) < ABS(MOD(F3-D3+180, 360)-180), 1, 0)) -> 0
B4: CircularDVF_Sph_EC_On_Corr_Off | C4: 1 | D4: 0 | E4: 0.54196596 | F4: 5.1400451 | G4: -0.45803404 | H4: 5.1400451 | I4: 0 | J4: 0 | K4: =IF(J4=1, "", E4) -> 0.54196596 | L4: =IF(J4=1, "", IF(D4=90, ABS(MOD(F4-D4+180, 360)-180), ABS(IF(ABS(MOD(F4-(180-D4)+180, 360)-180) < ABS(MOD(F4-D4+180, 360)-180), MOD(F4-(180-D4)+180, 360)-180, MOD(F4-D4+180, 360)-180)))) -> 5.1400451 | M4: =IF(OR(J4=1, D4=90), 0, IF(ABS(MOD(F4-(180-D4)+180, 360)-180) < ABS(MOD(F4-D4+180, 360)-180), 1, 0)) -> 0
B5: CircularDVF_Sph_EC_On_Corr_Off | C5: 0.7 | D5: 0 | E5: 0.54196596 | F5: 5.1400451 | G5: -0.15803404 | H5: 5.1400451 | I5: 0 | J5: 0 | K5: =IF(J5=1, "", E5) -> 0.54196596 | L5: =IF(J5=1, "", IF(D5=90, ABS(MOD(F5-D5+180, 360)-180), ABS(IF(ABS(MOD(F5-(180-D5)+180, 360)-180) < ABS(MOD(F5-D5+180, 360)-180), MOD(F5-(180-D5)+180, 360)-180, MOD(F5-D5+180, 360)-180)))) -> 5.1400451 | M5: =IF(OR(J5=1, D5=90), 0, IF(ABS(MOD(F5-(180-D5)+180, 360)-180) < ABS(MOD(F5-D5+180, 360)-180), 1, 0)) -> 0
B6: CircularDVF_Sph_EC_On_Corr_Off | C6: 1 | D6: 90 | E6: 0.9749986 | F6: 58.187672 | G6: -0.025001401 | H6: -31.812328 | I6: 0 | J6: 0 | K6: =IF(J6=1, "", E6) -> 0.9749986 | L6: =IF(J6=1, "", IF(D6=90, ABS(MOD(F6-D6+180, 360)-180), ABS(IF(ABS(MOD(F6-(180-D6)+180, 360)-180) < ABS(MOD(F6-D6+180, 360)-180), MOD(F6-(180-D6)+180, 360)-180, MOD(F6-D6+180, 360)-180)))) -> 31.812328 | M6: =IF(OR(J6=1, D6=90), 0, IF(ABS(MOD(F6-(180-D6)+180, 360)-180) < ABS(MOD(F6-D6+180, 360)-180), 1, 0)) -> 0
B7: CircularDVF_Sph_EC_On_Corr_Off | C7: 0.35 | D7: 0 | E7: 0.88073406 | F7: 179.52955 | G7: 0.53073406 | H7: 179.52955 | I7: 1 | J7: 0 | K7: =IF(J7=1, "", E7) -> 0.88073406 | L7: =IF(J7=1, "", IF(D7=90, ABS(MOD(F7-D7+180, 360)-180), ABS(IF(ABS(MOD(F7-(180-D7)+180, 360)-180) < ABS(MOD(F7-D7+180, 360)-180), MOD(F7-(180-D7)+180, 360)-180, MOD(F7-D7+180, 360)-180)))) -> 0.47045331 | M7: =IF(OR(J7=1, D7=90), 0, IF(ABS(MOD(F7-(180-D7)+180, 360)-180) < ABS(MOD(F7-D7+180, 360)-180), 1, 0)) -> 1
B8: CircularDVF_Sph_EC_On_Corr_Off | C8: 0.5 | D8: 90 | E8: 0.69446802 | F8: 88.50826 | G8: 0.19446802 | H8: -1.4917404 | I8: 0 | J8: 0 | K8: =IF(J8=1, "", E8) -> 0.69446802 | L8: =IF(J8=1, "", IF(D8=90, ABS(MOD(F8-D8+180, 360)-180), ABS(IF(ABS(MOD(F8-(180-D8)+180, 360)-180) < ABS(MOD(F8-D8+180, 360)-180), MOD(F8-(180-D8)+180, 360)-180, MOD(F8-D8+180, 360)-180)))) -> 1.4917404 | M8: =IF(OR(J8=1, D8=90), 0, IF(ABS(MOD(F8-(180-D8)+180, 360)-180) < ABS(MOD(F8-D8+180, 360)-180), 1, 0)) -> 0
B9: CircularDVF_Sph_EC_On_Corr_Off | C9: 0.35 | D9: 0 | E9: 0.87564195 | F9: -179.1212 | G9: 0.52564195 | H9: -179.1212 | I9: 0 | J9: 0 | K9: =IF(J9=1, "", E9) -> 0.87564195 | L9: =IF(J9=1, "", IF(D9=90, ABS(MOD(F9-D9+180, 360)-180), ABS(IF(ABS(MOD(F9-(180-D9)+180, 360)-180) < ABS(MOD(F9-D9+180, 360)-180), MOD(F9-(180-D9)+180, 360)-180, MOD(F9-D9+180, 360)-180)))) -> 0.87880439 | M9: =IF(OR(J9=1, D9=90), 0, IF(ABS(MOD(F9-(180-D9)+180, 360)-180) < ABS(MOD(F9-D9+180, 360)-180), 1, 0)) -> 1
B10: CircularDVF_Sph_EC_On_Corr_Off | C10: 0.35 | D10: 180 | E10: 1.474903 | F10: 179.11705 | G10: 1.124903 | H10: -0.88294737 | I10: 0 | J10: 0 | K10: =IF(J10=1, "", E10) -> 1.474903 | L10: =IF(J10=1, "", IF(D10=90, ABS(MOD(F10-D10+180, 360)-180), ABS(IF(ABS(MOD(F10-(180-D10)+180, 360)-180) < ABS(MOD(F10-D10+180, 360)-180), MOD(F10-(180-D10)+180, 360)-180, MOD(F10-D10+180, 360)-180)))) -> 0.88294737 | M10: =IF(OR(J10=1, D10=90), 0, IF(ABS(MOD(F10-(180-D10)+180, 360)-180) < ABS(MOD(F10-D10+180, 360)-180), 1, 0)) -> 0
B11: CircularDVF_Sph_EC_On_Corr_Off | C11: 1.5 | D11: 135 | E11: 1.0094588 | F11: 127.32727 | G11: -0.49054116 | H11: -7.672731 | I11: 0 | J11: 0 | K11: =IF(J11=1, "", E11) -> 1.0094588 | L11: =IF(J11=1, "", IF(D11=90, ABS(MOD(F11-D11+180, 360)-180), ABS(IF(ABS(MOD(F11-(180-D11)+180, 360)-180) < ABS(MOD(F11-D11+180, 360)-180), MOD(F11-(180-D11)+180, 360)-180, MOD(F11-D11+180, 360)-180)))) -> 7.672731 | M11: =IF(OR(J11=1, D11=90), 0, IF(ABS(MOD(F11-(180-D11)+180, 360)-180) < ABS(MOD(F11-D11+180, 360)-180), 1, 0)) -> 0
B12: CircularDVF_Sph_EC_On_Corr_Off | C12: 1 | D12: 135 | E12: 1.0094588 | F12: 127.32727 | G12: 0.0094588433 | H12: -7.672731 | I12: 0 | J12: 0 | K12: =IF(J12=1, "", E12) -> 1.0094588 | L12: =IF(J12=1, "", IF(D12=90, ABS(MOD(F12-D12+180, 360)-180), ABS(IF(ABS(MOD(F12-(180-D12)+180, 360)-180) < ABS(MOD(F12-D12+180, 360)-180), MOD(F12-(180-D12)+180, 360)-180, MOD(F12-D12+180, 360)-180)))) -> 7.672731 | M12: =IF(OR(J12=1, D12=90), 0, IF(ABS(MOD(F12-(180-D12)+180, 360)-180) < ABS(MOD(F12-D12+180, 360)-180), 1, 0)) -> 0
B13: CircularDVF_Sph_EC_On_Corr_Off | C13: 0.35 | D13: 0 | E13: 1.0099292 | F13: -0.76194499 | G13: 0.65992922 | H13: -0.76194499 | I13: 0 | J13: 0 | K13: =IF(J13=1, "", E13) -> 1.0099292 | L13: =IF(J13=1, "", IF(D13=90, ABS(MOD(F13-D13+180, 360)-180), ABS(IF(ABS(MOD(F13-(180-D13)+180, 360)-180) < ABS(MOD(F13-D13+180, 360)-180), MOD(F13-(180-D13)+180, 360)-180, MOD(F13-D13+180, 360)-180)))) -> 0.76194499 | M13: =IF(OR(J13=1, D13=90), 0, IF(ABS(MOD(F13-(180-D13)+180, 360)-180) < ABS(MOD(F13-D13+180, 360)-180), 1, 0)) -> 0
... B1951: CircularDVF_Sph_EC_On_Corr_Off | C1951: 1 | D1951: 135 | E1951: 1.4343029 | F1951: 131.36451 | G1951: 0.43430289 | H1951: -3.6354932 | I1951: 0 | J1951: 0 | K1951: =IF(J1951=1, "", E1951) -> 1.4343029 | L1951: =IF(J1951=1, "", IF(D1951=90, ABS(MOD(F1951-D1951+180, 360)-180), ABS(IF(ABS(MOD(F1951-(180-D1951)+180, 360)-180) < ABS(MOD(F1951-D1951+180, 360)-180), MOD(F1951-(180-D1951)+180, 360)-180, MOD(F1951-D1951+180, 360)-180)))) -> 3.6354932 | M1951: =IF(OR(J1951=1, D1951=90), 0, IF(ABS(MOD(F1951-(180-D1951)+180, 360)-180) < ABS(MOD(F1951-D1951+180, 360)-180), 1, 0)) -> 0

Sheet B_avarage
A1: 行ラベル | B1: 平均 / 分析距離 | C1: 標準偏差 / 分析距離2 | D1: 数値の個数 / 分析距離3 | E1: 平均 / 有効角度誤差 | F1: 標準偏差 / 有効角度誤差2 | G1: 数値の個数 / 有効角度誤差3
A2: 0 | B2: 0.66477669 | C2: 0.28095847 | D2: 384 | E2: 8.0106878 | F2: 13.916177 | G2: 384
A3: 0.35 | B3: 0.71382548 | C3: 0.27675943 | D3: 77 | E3: 9.537767 | F3: 17.072045 | G3: 77
A4: 0.5 | B4: 0.70110135 | C4: 0.28644665 | D4: 78 | E4: 7.6660181 | F4: 13.016915 | G4: 78
A5: 0.7 | B5: 0.6092886 | C5: 0.24442628 | D5: 76 | E5: 7.2129893 | F5: 12.667947 | G5: 76
A6: 1 | B6: 0.6795806 | C6: 0.29129199 | D6: 77 | E6: 8.3472452 | F6: 13.134229 | G6: 77
A7: 1.5 | B7: 0.61829136 | C7: 0.28646671 | D7: 76 | E7: 7.273968 | F7: 13.048781 | G7: 76
A8: 45 | B8: 0.9070644 | C8: 0.31617322 | D8: 390 | E8: 18.652787 | F8: 15.901909 | G8: 390
A9: 0.35 | B9: 0.8918035 | C9: 0.36404854 | D9: 78 | E9: 18.92995 | F9: 16.197219 | G9: 78
A10: 0.5 | B10: 0.94531801 | C10: 0.33492832 | D10: 78 | E10: 21.173683 | F10: 16.148864 | G10: 78
A11: 0.7 | B11: 0.88646453 | C11: 0.26568966 | D11: 78 | E11: 14.059906 | F11: 14.443512 | G11: 78
A12: 1 | B12: 0.90131647 | C12: 0.30397859 | D12: 78 | E12: 20.619511 | F12: 16.044179 | G12: 78
A13: 1.5 | B13: 0.91041951 | C13: 0.29993392 | D13: 78 | E13: 18.480883 | F13: 15.612921 | G13: 78
... A31: 1.5 | B31: 0.99931617 | C31: 0.40289327 | D31: 77 | E31: 5.5011004 | F31: 13.153727 | G31: 77
A32: 総計 | B32: 0.90750275 | C32: 0.34921884 | D32: 1941 | E32: 10.024404 | F32: 13.7295 | G32: 1941

Sheet C
B1: Condition | C1: TargetDist | D1: TargetAngle | E1: RespDist | F1: RespAngle | G1: ErrDist | H1: ErrAngle | I1: FBConf | J1: IsInsideHead | K1: 分析距離 | L1: 有効角度誤差 | M1: New FB
B2: CircularDVF_Sph_EC_On_Corr_On | C2: 0.35 | D2: 45 | E2: 0.93729574 | F2: 91.421048 | G2: 0.58729574 | H2: 46.421048 | I2: 1 | J2: 0 | K2: =IF(J2=1, "", E2) -> 0.93729574 | L2: =IF(J2=1, "", IF(D2=90, ABS(MOD(F2-D2+180, 360)-180), ABS(IF(ABS(MOD(F2-(180-D2)+180, 360)-180) < ABS(MOD(F2-D2+180, 360)-180), MOD(F2-(180-D2)+180, 360)-180, MOD(F2-D2+180, 360)-180)))) -> 43.578952 | M2: =IF(OR(J2=1, D2=90), 0, IF(ABS(MOD(F2-(180-D2)+180, 360)-180) < ABS(MOD(F2-D2+180, 360)-180), 1, 0)) -> 1
B3: CircularDVF_Sph_EC_On_Corr_On | C3: 1.5 | D3: 180 | E3: 0.99460336 | F3: 1.3093898 | G3: -0.50539664 | H3: -178.69061 | I3: 1 | J3: 0 | K3: =IF(J3=1, "", E3) -> 0.99460336 | L3: =IF(J3=1, "", IF(D3=90, ABS(MOD(F3-D3+180, 360)-180), ABS(IF(ABS(MOD(F3-(180-D3)+180, 360)-180) < ABS(MOD(F3-D3+180, 360)-180), MOD(F3-(180-D3)+180, 360)-180, MOD(F3-D3+180, 360)-180)))) -> 1.3093898 | M3: =IF(OR(J3=1, D3=90), 0, IF(ABS(MOD(F3-(180-D3)+180, 360)-180) < ABS(MOD(F3-D3+180, 360)-180), 1, 0)) -> 1
B4: CircularDVF_Sph_EC_On_Corr_On | C4: 0.5 | D4: 0 | E4: 0.99460336 | F4: 1.3093898 | G4: 0.49460336 | H4: 1.3093898 | I4: 0 | J4: 0 | K4: =IF(J4=1, "", E4) -> 0.99460336 | L4: =IF(J4=1, "", IF(D4=90, ABS(MOD(F4-D4+180, 360)-180), ABS(IF(ABS(MOD(F4-(180-D4)+180, 360)-180) < ABS(MOD(F4-D4+180, 360)-180), MOD(F4-(180-D4)+180, 360)-180, MOD(F4-D4+180, 360)-180)))) -> 1.3093898 | M4: =IF(OR(J4=1, D4=90), 0, IF(ABS(MOD(F4-(180-D4)+180, 360)-180) < ABS(MOD(F4-D4+180, 360)-180), 1, 0)) -> 0
B5: CircularDVF_Sph_EC_On_Corr_On | C5: 1 | D5: 45 | E5: 0.98352678 | F5: 90.451375 | G5: -0.016473215 | H5: 45.451375 | I5: 1 | J5: 0 | K5: =IF(J5=1, "", E5) -> 0.98352678 | L5: =IF(J5=1, "", IF(D5=90, ABS(MOD(F5-D5+180, 360)-180), ABS(IF(ABS(MOD(F5-(180-D5)+180, 360)-180) < ABS(MOD(F5-D5+180, 360)-180), MOD(F5-(180-D5)+180, 360)-180, MOD(F5-D5+180, 360)-180)))) -> 44.548625 | M5: =IF(OR(J5=1, D5=90), 0, IF(ABS(MOD(F5-(180-D5)+180, 360)-180) < ABS(MOD(F5-D5+180, 360)-180), 1, 0)) -> 1
B6: CircularDVF_Sph_EC_On_Corr_On | C6: 1 | D6: 0 | E6: 1.0460713 | F6: 0.6790293 | G6: 0.046071327 | H6: 0.6790293 | I6: 0 | J6: 0 | K6: =IF(J6=1, "", E6) -> 1.0460713 | L6: =IF(J6=1, "", IF(D6=90, ABS(MOD(F6-D6+180, 360)-180), ABS(IF(ABS(MOD(F6-(180-D6)+180, 360)-180) < ABS(MOD(F6-D6+180, 360)-180), MOD(F6-(180-D6)+180, 360)-180, MOD(F6-D6+180, 360)-180)))) -> 0.6790293 | M6: =IF(OR(J6=1, D6=90), 0, IF(ABS(MOD(F6-(180-D6)+180, 360)-180) < ABS(MOD(F6-D6+180, 360)-180), 1, 0)) -> 0
B7: CircularDVF_Sph_EC_On_Corr_On | C7: 0.5 | D7: 90 | E7: 1.0044296 | F7: 52.081084 | G7: 0.5044296 | H7: -37.918916 | I7: 0 | J7: 0 | K7: =IF(J7=1, "", E7) -> 1.0044296 | L7: =IF(J7=1, "", IF(D7=90, ABS(MOD(F7-D7+180, 360)-180), ABS(IF(ABS(MOD(F7-(180-D7)+180, 360)-180) < ABS(MOD(F7-D7+180, 360)-180), MOD(F7-(180-D7)+180, 360)-180, MOD(F7-D7+180, 360)-180)))) -> 37.918916 | M7: =IF(OR(J7=1, D7=90), 0, IF(ABS(MOD(F7-(180-D7)+180, 360)-180) < ABS(MOD(F7-D7+180, 360)-180), 1, 0)) -> 0
B8: CircularDVF_Sph_EC_On_Corr_On | C8: 0.5 | D8: 135 | E8: 0.99871005 | F8: 128.93286 | G8: 0.49871005 | H8: -6.0671364 | I8: 0 | J8: 0 | K8: =IF(J8=1, "", E8) -> 0.99871005 | L8: =IF(J8=1, "", IF(D8=90, ABS(MOD(F8-D8+180, 360)-180), ABS(IF(ABS(MOD(F8-(180-D8)+180, 360)-180) < ABS(MOD(F8-D8+180, 360)-180), MOD(F8-(180-D8)+180, 360)-180, MOD(F8-D8+180, 360)-180)))) -> 6.0671364 | M8: =IF(OR(J8=1, D8=90), 0, IF(ABS(MOD(F8-(180-D8)+180, 360)-180) < ABS(MOD(F8-D8+180, 360)-180), 1, 0)) -> 0
B9: CircularDVF_Sph_EC_On_Corr_On | C9: 0.5 | D9: 90 | E9: 0.98882697 | F9: 88.952388 | G9: 0.48882697 | H9: -1.0476117 | I9: 0 | J9: 0 | K9: =IF(J9=1, "", E9) -> 0.98882697 | L9: =IF(J9=1, "", IF(D9=90, ABS(MOD(F9-D9+180, 360)-180), ABS(IF(ABS(MOD(F9-(180-D9)+180, 360)-180) < ABS(MOD(F9-D9+180, 360)-180), MOD(F9-(180-D9)+180, 360)-180, MOD(F9-D9+180, 360)-180)))) -> 1.0476117 | M9: =IF(OR(J9=1, D9=90), 0, IF(ABS(MOD(F9-(180-D9)+180, 360)-180) < ABS(MOD(F9-D9+180, 360)-180), 1, 0)) -> 0
B10: CircularDVF_Sph_EC_On_Corr_On | C10: 0.7 | D10: 90 | E10: 0.98882697 | F10: 88.952388 | G10: 0.28882697 | H10: -1.0476117 | I10: 0 | J10: 0 | K10: =IF(J10=1, "", E10) -> 0.98882697 | L10: =IF(J10=1, "", IF(D10=90, ABS(MOD(F10-D10+180, 360)-180), ABS(IF(ABS(MOD(F10-(180-D10)+180, 360)-180) < ABS(MOD(F10-D10+180, 360)-180), MOD(F10-(180-D10)+180, 360)-180, MOD(F10-D10+180, 360)-180)))) -> 1.0476117 | M10: =IF(OR(J10=1, D10=90), 0, IF(ABS(MOD(F10-(180-D10)+180, 360)-180) < ABS(MOD(F10-D10+180, 360)-180), 1, 0)) -> 0
B11: CircularDVF_Sph_EC_On_Corr_On | C11: 1.5 | D11: 135 | E11: 1.5014114 | F11: 127.88709 | G11: 0.0014114136 | H11: -7.1129144 | I11: 0 | J11: 0 | K11: =IF(J11=1, "", E11) -> 1.5014114 | L11: =IF(J11=1, "", IF(D11=90, ABS(MOD(F11-D11+180, 360)-180), ABS(IF(ABS(MOD(F11-(180-D11)+180, 360)-180) < ABS(MOD(F11-D11+180, 360)-180), MOD(F11-(180-D11)+180, 360)-180, MOD(F11-D11+180, 360)-180)))) -> 7.1129144 | M11: =IF(OR(J11=1, D11=90), 0, IF(ABS(MOD(F11-(180-D11)+180, 360)-180) < ABS(MOD(F11-D11+180, 360)-180), 1, 0)) -> 0
B12: CircularDVF_Sph_EC_On_Corr_On | C12: 1 | D12: 90 | E12: 0.98874602 | F12: 89.251665 | G12: -0.011253981 | H12: -0.74833492 | I12: 0 | J12: 0 | K12: =IF(J12=1, "", E12) -> 0.98874602 | L12: =IF(J12=1, "", IF(D12=90, ABS(MOD(F12-D12+180, 360)-180), ABS(IF(ABS(MOD(F12-(180-D12)+180, 360)-180) < ABS(MOD(F12-D12+180, 360)-180), MOD(F12-(180-D12)+180, 360)-180, MOD(F12-D12+180, 360)-180)))) -> 0.74833492 | M12: =IF(OR(J12=1, D12=90), 0, IF(ABS(MOD(F12-(180-D12)+180, 360)-180) < ABS(MOD(F12-D12+180, 360)-180), 1, 0)) -> 0
B13: CircularDVF_Sph_EC_On_Corr_On | C13: 1.5 | D13: 0 | E13: 1.0155436 | F13: 1.8654626 | G13: -0.48445645 | H13: 1.8654626 | I13: 0 | J13: 0 | K13: =IF(J13=1, "", E13) -> 1.0155436 | L13: =IF(J13=1, "", IF(D13=90, ABS(MOD(F13-D13+180, 360)-180), ABS(IF(ABS(MOD(F13-(180-D13)+180, 360)-180) < ABS(MOD(F13-D13+180, 360)-180), MOD(F13-(180-D13)+180, 360)-180, MOD(F13-D13+180, 360)-180)))) -> 1.8654626 | M13: =IF(OR(J13=1, D13=90), 0, IF(ABS(MOD(F13-(180-D13)+180, 360)-180) < ABS(MOD(F13-D13+180, 360)-180), 1, 0)) -> 0
... B1951: CircularDVF_Sph_EC_On_Corr_On | C1951: 1 | D1951: 180 | E1951: 0.8758339 | F1951: 178.51301 | G1951: -0.1241661 | H1951: -1.4869901 | I1951: 0 | J1951: 0 | K1951: =IF(J1951=1, "", E1951) -> 0.8758339 | L1951: =IF(J1951=1, "", IF(D1951=90, ABS(MOD(F1951-D1951+180, 360)-180), ABS(IF(ABS(MOD(F1951-(180-D1951)+180, 360)-180) < ABS(MOD(F1951-D1951+180, 360)-180), MOD(F1951-(180-D1951)+180, 360)-180, MOD(F1951-D1951+180, 360)-180)))) -> 1.4869901 | M1951: =IF(OR(J1951=1, D1951=90), 0, IF(ABS(MOD(F1951-(180-D1951)+180, 360)-180) < ABS(MOD(F1951-D1951+180, 360)-180), 1, 0)) -> 0

Sheet C_avarage 
A1: 行ラベル | B1: 平均 / 分析距離 | C1: 標準偏差 / 分析距離2 | D1: 数値の個数 / 分析距離3 | E1: 平均 / 有効角度誤差 | F1: 標準偏差 / 有効角度誤差2 | G1: 数値の個数 / 有効角度誤差3
A2: 0 | B2: 0.73418963 | C2: 0.35128653 | D2: 352 | E2: 8.1624691 | F2: 15.086098 | G2: 352
A3: 0.35 | B3: 0.91445996 | C3: 0.4549026 | D3: 69 | E3: 6.8936657 | F3: 12.943215 | G3: 69
A4: 0.5 | B4: 0.74789657 | C4: 0.33140708 | D4: 71 | E4: 7.0422583 | F4: 13.018093 | G4: 71
A5: 0.7 | B5: 0.72582261 | C5: 0.32020133 | D5: 74 | E5: 10.012254 | F5: 17.556389 | G5: 74
A6: 1 | B6: 0.63729715 | C6: 0.28602418 | D6: 69 | E6: 8.4248115 | F6: 15.029188 | G6: 69
A7: 1.5 | B7: 0.64568089 | C7: 0.26042961 | D7: 69 | E7: 8.3377833 | F7: 16.000685 | G7: 69
A8: 45 | B8: 0.85558531 | C8: 0.30592391 | D8: 390 | E8: 18.46621 | F8: 15.933807 | G8: 390
A9: 0.35 | B9: 0.88252891 | C9: 0.25954656 | D9: 78 | E9: 19.756872 | F9: 16.366485 | G9: 78
A10: 0.5 | B10: 0.87967239 | C10: 0.30764139 | D10: 78 | E10: 14.954728 | F10: 14.507366 | G10: 78
A11: 0.7 | B11: 0.83166216 | C11: 0.325361 | D11: 78 | E11: 19.77568 | F11: 16.30372 | G11: 78
A12: 1 | B12: 0.86241715 | C12: 0.33471373 | D12: 78 | E12: 20.681711 | F12: 16.724975 | G12: 78
A13: 1.5 | B13: 0.82164594 | C13: 0.29149523 | D13: 78 | E13: 17.162057 | F13: 14.941526 | G13: 78
... A31: 1.5 | B31: 1.0423843 | C31: 0.41574443 | D31: 72 | E31: 5.1977147 | F31: 12.626132 | G31: 72
A32: 総計 | B32: 0.90880313 | C32: 0.3672361 | D32: 1883 | E32: 10.050986 | F32: 14.408744 | G32: 1883

Sheet D
B1: Condition | C1: TargetDist | D1: TargetAngle | E1: RespDist | F1: RespAngle | G1: ErrDist | H1: ErrAngle | I1: FBConf | J1: IsInsideHead | K1: 分析距離 | L1: 有効角度誤差 | M1: New FB
B2: CircularDVF_Rigid_EC_Off_Corr_Off | C2: 0.7 | D2: 45 | E2: 0.49284213 | F2: 89.099197 | G2: -0.20715787 | H2: 44.099197 | I2: 0 | J2: 0 | K2: =IF(J2=1, "", E2) -> 0.49284213 | L2: =IF(J2=1, "", IF(D2=90, ABS(MOD(F2-D2+180, 360)-180), ABS(IF(ABS(MOD(F2-(180-D2)+180, 360)-180) < ABS(MOD(F2-D2+180, 360)-180), MOD(F2-(180-D2)+180, 360)-180, MOD(F2-D2+180, 360)-180)))) -> 44.099197 | M2: =IF(OR(J2=1, D2=90), 0, IF(ABS(MOD(F2-(180-D2)+180, 360)-180) < ABS(MOD(F2-D2+180, 360)-180), 1, 0)) -> 0
B3: CircularDVF_Rigid_EC_Off_Corr_Off | C3: 1.5 | D3: 45 | E3: 0.81823946 | F3: 90.542557 | G3: -0.68176054 | H3: 45.542557 | I3: 1 | J3: 0 | K3: =IF(J3=1, "", E3) -> 0.81823946 | L3: =IF(J3=1, "", IF(D3=90, ABS(MOD(F3-D3+180, 360)-180), ABS(IF(ABS(MOD(F3-(180-D3)+180, 360)-180) < ABS(MOD(F3-D3+180, 360)-180), MOD(F3-(180-D3)+180, 360)-180, MOD(F3-D3+180, 360)-180)))) -> 44.457443 | M3: =IF(OR(J3=1, D3=90), 0, IF(ABS(MOD(F3-(180-D3)+180, 360)-180) < ABS(MOD(F3-D3+180, 360)-180), 1, 0)) -> 1
B4: CircularDVF_Rigid_EC_Off_Corr_Off | C4: 0.5 | D4: 0 | E4: 1.0099926 | F4: 0.9963479 | G4: 0.50999262 | H4: 0.9963479 | I4: 0 | J4: 0 | K4: =IF(J4=1, "", E4) -> 1.0099926 | L4: =IF(J4=1, "", IF(D4=90, ABS(MOD(F4-D4+180, 360)-180), ABS(IF(ABS(MOD(F4-(180-D4)+180, 360)-180) < ABS(MOD(F4-D4+180, 360)-180), MOD(F4-(180-D4)+180, 360)-180, MOD(F4-D4+180, 360)-180)))) -> 0.9963479 | M4: =IF(OR(J4=1, D4=90), 0, IF(ABS(MOD(F4-(180-D4)+180, 360)-180) < ABS(MOD(F4-D4+180, 360)-180), 1, 0)) -> 0
B5: CircularDVF_Rigid_EC_Off_Corr_Off | C5: 1 | D5: 135 | E5: 0.99718607 | F5: 133.34185 | G5: -0.00281393 | H5: -1.6581542 | I5: 0 | J5: 0 | K5: =IF(J5=1, "", E5) -> 0.99718607 | L5: =IF(J5=1, "", IF(D5=90, ABS(MOD(F5-D5+180, 360)-180), ABS(IF(ABS(MOD(F5-(180-D5)+180, 360)-180) < ABS(MOD(F5-D5+180, 360)-180), MOD(F5-(180-D5)+180, 360)-180, MOD(F5-D5+180, 360)-180)))) -> 1.6581542 | M5: =IF(OR(J5=1, D5=90), 0, IF(ABS(MOD(F5-(180-D5)+180, 360)-180) < ABS(MOD(F5-D5+180, 360)-180), 1, 0)) -> 0
B6: CircularDVF_Rigid_EC_Off_Corr_Off | C6: 1.5 | D6: 180 | E6: 0.9736869 | F6: -179.81763 | G6: -0.5263131 | H6: 0.18237322 | I6: 1 | J6: 0 | K6: =IF(J6=1, "", E6) -> 0.9736869 | L6: =IF(J6=1, "", IF(D6=90, ABS(MOD(F6-D6+180, 360)-180), ABS(IF(ABS(MOD(F6-(180-D6)+180, 360)-180) < ABS(MOD(F6-D6+180, 360)-180), MOD(F6-(180-D6)+180, 360)-180, MOD(F6-D6+180, 360)-180)))) -> 0.18237322 | M6: =IF(OR(J6=1, D6=90), 0, IF(ABS(MOD(F6-(180-D6)+180, 360)-180) < ABS(MOD(F6-D6+180, 360)-180), 1, 0)) -> 0
B7: CircularDVF_Rigid_EC_Off_Corr_Off | C7: 0.5 | D7: 180 | E7: 0.96335611 | F7: -179.81567 | G7: 0.46335611 | H7: 0.18432895 | I7: 1 | J7: 0 | K7: =IF(J7=1, "", E7) -> 0.96335611 | L7: =IF(J7=1, "", IF(D7=90, ABS(MOD(F7-D7+180, 360)-180), ABS(IF(ABS(MOD(F7-(180-D7)+180, 360)-180) < ABS(MOD(F7-D7+180, 360)-180), MOD(F7-(180-D7)+180, 360)-180, MOD(F7-D7+180, 360)-180)))) -> 0.18432895 | M7: =IF(OR(J7=1, D7=90), 0, IF(ABS(MOD(F7-(180-D7)+180, 360)-180) < ABS(MOD(F7-D7+180, 360)-180), 1, 0)) -> 0
B8: CircularDVF_Rigid_EC_Off_Corr_Off | C8: 1.5 | D8: 0 | E8: 1.0110065 | F8: 2.7527666 | G8: -0.48899345 | H8: 2.7527666 | I8: 0 | J8: 0 | K8: =IF(J8=1, "", E8) -> 1.0110065 | L8: =IF(J8=1, "", IF(D8=90, ABS(MOD(F8-D8+180, 360)-180), ABS(IF(ABS(MOD(F8-(180-D8)+180, 360)-180) < ABS(MOD(F8-D8+180, 360)-180), MOD(F8-(180-D8)+180, 360)-180, MOD(F8-D8+180, 360)-180)))) -> 2.7527666 | M8: =IF(OR(J8=1, D8=90), 0, IF(ABS(MOD(F8-(180-D8)+180, 360)-180) < ABS(MOD(F8-D8+180, 360)-180), 1, 0)) -> 0
B9: CircularDVF_Rigid_EC_Off_Corr_Off | C9: 1 | D9: 45 | E9: 0.96341981 | F9: 91.997166 | G9: -0.036580194 | H9: 46.997166 | I9: 1 | J9: 0 | K9: =IF(J9=1, "", E9) -> 0.96341981 | L9: =IF(J9=1, "", IF(D9=90, ABS(MOD(F9-D9+180, 360)-180), ABS(IF(ABS(MOD(F9-(180-D9)+180, 360)-180) < ABS(MOD(F9-D9+180, 360)-180), MOD(F9-(180-D9)+180, 360)-180, MOD(F9-D9+180, 360)-180)))) -> 43.002834 | M9: =IF(OR(J9=1, D9=90), 0, IF(ABS(MOD(F9-(180-D9)+180, 360)-180) < ABS(MOD(F9-D9+180, 360)-180), 1, 0)) -> 1
B10: CircularDVF_Rigid_EC_Off_Corr_Off | C10: 0.7 | D10: 135 | E10: 0.99453361 | F10: 56.417228 | G10: 0.29453361 | H10: -78.582772 | I10: 1 | J10: 0 | K10: =IF(J10=1, "", E10) -> 0.99453361 | L10: =IF(J10=1, "", IF(D10=90, ABS(MOD(F10-D10+180, 360)-180), ABS(IF(ABS(MOD(F10-(180-D10)+180, 360)-180) < ABS(MOD(F10-D10+180, 360)-180), MOD(F10-(180-D10)+180, 360)-180, MOD(F10-D10+180, 360)-180)))) -> 11.417228 | M10: =IF(OR(J10=1, D10=90), 0, IF(ABS(MOD(F10-(180-D10)+180, 360)-180) < ABS(MOD(F10-D10+180, 360)-180), 1, 0)) -> 1
B11: CircularDVF_Rigid_EC_Off_Corr_Off | C11: 0.35 | D11: 0 | E11: 1.0050138 | F11: 47.478699 | G11: 0.65501384 | H11: 47.478699 | I11: 0 | J11: 0 | K11: =IF(J11=1, "", E11) -> 1.0050138 | L11: =IF(J11=1, "", IF(D11=90, ABS(MOD(F11-D11+180, 360)-180), ABS(IF(ABS(MOD(F11-(180-D11)+180, 360)-180) < ABS(MOD(F11-D11+180, 360)-180), MOD(F11-(180-D11)+180, 360)-180, MOD(F11-D11+180, 360)-180)))) -> 47.478699 | M11: =IF(OR(J11=1, D11=90), 0, IF(ABS(MOD(F11-(180-D11)+180, 360)-180) < ABS(MOD(F11-D11+180, 360)-180), 1, 0)) -> 0
B12: CircularDVF_Rigid_EC_Off_Corr_Off | C12: 1.5 | D12: 180 | E12: 0.96335611 | F12: -179.81567 | G12: -0.53664389 | H12: 0.18432895 | I12: 1 | J12: 0 | K12: =IF(J12=1, "", E12) -> 0.96335611 | L12: =IF(J12=1, "", IF(D12=90, ABS(MOD(F12-D12+180, 360)-180), ABS(IF(ABS(MOD(F12-(180-D12)+180, 360)-180) < ABS(MOD(F12-D12+180, 360)-180), MOD(F12-(180-D12)+180, 360)-180, MOD(F12-D12+180, 360)-180)))) -> 0.18432895 | M12: =IF(OR(J12=1, D12=90), 0, IF(ABS(MOD(F12-(180-D12)+180, 360)-180) < ABS(MOD(F12-D12+180, 360)-180), 1, 0)) -> 0
B13: CircularDVF_Rigid_EC_Off_Corr_Off | C13: 1.5 | D13: 0 | E13: 0.9496401 | F13: 43.435172 | G13: -0.5503599 | H13: 43.435172 | I13: 0 | J13: 0 | K13: =IF(J13=1, "", E13) -> 0.9496401 | L13: =IF(J13=1, "", IF(D13=90, ABS(MOD(F13-D13+180, 360)-180), ABS(IF(ABS(MOD(F13-(180-D13)+180, 360)-180) < ABS(MOD(F13-D13+180, 360)-180), MOD(F13-(180-D13)+180, 360)-180, MOD(F13-D13+180, 360)-180)))) -> 43.435172 | M13: =IF(OR(J13=1, D13=90), 0, IF(ABS(MOD(F13-(180-D13)+180, 360)-180) < ABS(MOD(F13-D13+180, 360)-180), 1, 0)) -> 0
... B1951: CircularDVF_Rigid_EC_Off_Corr_Off | C1951: 1.5 | D1951: 0 | E1951: 0.68005693 | F1951: 2.7863412 | G1951: -0.81994307 | H1951: 2.7863412 | I1951: 0 | J1951: 0 | K1951: =IF(J1951=1, "", E1951) -> 0.68005693 | L1951: =IF(J1951=1, "", IF(D1951=90, ABS(MOD(F1951-D1951+180, 360)-180), ABS(IF(ABS(MOD(F1951-(180-D1951)+180, 360)-180) < ABS(MOD(F1951-D1951+180, 360)-180), MOD(F1951-(180-D1951)+180, 360)-180, MOD(F1951-D1951+180, 360)-180)))) -> 2.7863412 | M1951: =IF(OR(J1951=1, D1951=90), 0, IF(ABS(MOD(F1951-(180-D1951)+180, 360)-180) < ABS(MOD(F1951-D1951+180, 360)-180), 1, 0)) -> 0

Sheet D_avarage
A1: 行ラベル | B1: 平均 / 分析距離 | C1: 標準偏差 / 分析距離2 | D1: 数値の個数 / 分析距離3 | E1: 平均 / 有効角度誤差 | F1: 標準偏差 / 有効角度誤差2 | G1: 数値の個数 / 有効角度誤差3
A2: 0 | B2: 0.67900818 | C2: 0.30042412 | D2: 364 | E2: 6.7701079 | F2: 13.637342 | G2: 364
A3: 0.35 | B3: 0.74441052 | C3: 0.32324632 | D3: 72 | E3: 7.93068 | F3: 12.422017 | G3: 72
A4: 0.5 | B4: 0.68600845 | C4: 0.29984334 | D4: 76 | E4: 6.6247369 | F4: 13.256084 | G4: 76
A5: 0.7 | B5: 0.6585705 | C5: 0.30153892 | D5: 73 | E5: 7.4022253 | F5: 16.438822 | G5: 73
A6: 1 | B6: 0.69485893 | C6: 0.27598908 | D6: 71 | E6: 4.7858857 | F6: 10.569007 | G6: 71
A7: 1.5 | B7: 0.61130758 | C7: 0.28286736 | D7: 72 | E7: 7.0787499 | F7: 14.509728 | G7: 72
A8: 45 | B8: 0.88731876 | C8: 0.36967864 | D8: 390 | E8: 19.511091 | F8: 16.061801 | G8: 390
A9: 0.35 | B9: 0.86200855 | C9: 0.40288666 | D9: 78 | E9: 24.454094 | F9: 16.771261 | G9: 78
A10: 0.5 | B10: 0.90238088 | C10: 0.38850125 | D10: 78 | E10: 19.232804 | F10: 15.796782 | G10: 78
A11: 0.7 | B11: 0.90823784 | C11: 0.35619706 | D11: 78 | E11: 21.196759 | F11: 16.143463 | G11: 78
A12: 1 | B12: 0.90446399 | C12: 0.35187762 | D12: 78 | E12: 18.155053 | F12: 15.517719 | G12: 78
A13: 1.5 | B13: 0.85950256 | C13: 0.34204329 | D13: 78 | E13: 14.516747 | F13: 14.267033 | G13: 78
... A31: 1.5 | B31: 0.93921705 | C31: 0.40341141 | D31: 75 | E31: 4.2472952 | F31: 9.1074534 | G31: 75
A32: 総計 | B32: 0.90058616 | C32: 0.36692772 | D32: 1904 | E32: 9.9041468 | F32: 13.92235 | G32: 1904

Sheet E
B1: Condition | C1: TargetDist | D1: TargetAngle | E1: RespDist | F1: RespAngle | G1: ErrDist | H1: ErrAngle | I1: FBConf | J1: IsInsideHead | K1: 分析距離 | L1: 有効角度誤差 | M1: New FB
B2: CircularDVF_Rigid_EC_On_Corr_Off | C2: 1.5 | D2: 180 | E2: 1.4799975 | F2: 179.32008 | G2: -0.020002517 | H2: -0.679918 | I2: 0 | J2: 0 | K2: =IF(J2=1, "", E2) -> 1.4799975 | L2: =IF(J2=1, "", IF(D2=90, ABS(MOD(F2-D2+180, 360)-180), ABS(IF(ABS(MOD(F2-(180-D2)+180, 360)-180) < ABS(MOD(F2-D2+180, 360)-180), MOD(F2-(180-D2)+180, 360)-180, MOD(F2-D2+180, 360)-180)))) -> 0.679918 | M2: =IF(OR(J2=1, D2=90), 0, IF(ABS(MOD(F2-(180-D2)+180, 360)-180) < ABS(MOD(F2-D2+180, 360)-180), 1, 0)) -> 0
B3: CircularDVF_Rigid_EC_On_Corr_Off | C3: 0.35 | D3: 90 | E3: 0.93701103 | F3: 89.842074 | G3: 0.58701103 | H3: -0.15792622 | I3: 0 | J3: 0 | K3: =IF(J3=1, "", E3) -> 0.93701103 | L3: =IF(J3=1, "", IF(D3=90, ABS(MOD(F3-D3+180, 360)-180), ABS(IF(ABS(MOD(F3-(180-D3)+180, 360)-180) < ABS(MOD(F3-D3+180, 360)-180), MOD(F3-(180-D3)+180, 360)-180, MOD(F3-D3+180, 360)-180)))) -> 0.15792622 | M3: =IF(OR(J3=1, D3=90), 0, IF(ABS(MOD(F3-(180-D3)+180, 360)-180) < ABS(MOD(F3-D3+180, 360)-180), 1, 0)) -> 0
B4: CircularDVF_Rigid_EC_On_Corr_Off | C4: 0.7 | D4: 45 | E4: 0.8701675 | F4: 88.469301 | G4: 0.1701675 | H4: 43.469301 | I4: 0 | J4: 0 | K4: =IF(J4=1, "", E4) -> 0.8701675 | L4: =IF(J4=1, "", IF(D4=90, ABS(MOD(F4-D4+180, 360)-180), ABS(IF(ABS(MOD(F4-(180-D4)+180, 360)-180) < ABS(MOD(F4-D4+180, 360)-180), MOD(F4-(180-D4)+180, 360)-180, MOD(F4-D4+180, 360)-180)))) -> 43.469301 | M4: =IF(OR(J4=1, D4=90), 0, IF(ABS(MOD(F4-(180-D4)+180, 360)-180) < ABS(MOD(F4-D4+180, 360)-180), 1, 0)) -> 0
B5: CircularDVF_Rigid_EC_On_Corr_Off | C5: 0.7 | D5: 180 | E5: 0.98403938 | F5: 179.57894 | G5: 0.28403938 | H5: -0.42106377 | I5: 0 | J5: 0 | K5: =IF(J5=1, "", E5) -> 0.98403938 | L5: =IF(J5=1, "", IF(D5=90, ABS(MOD(F5-D5+180, 360)-180), ABS(IF(ABS(MOD(F5-(180-D5)+180, 360)-180) < ABS(MOD(F5-D5+180, 360)-180), MOD(F5-(180-D5)+180, 360)-180, MOD(F5-D5+180, 360)-180)))) -> 0.42106377 | M5: =IF(OR(J5=1, D5=90), 0, IF(ABS(MOD(F5-(180-D5)+180, 360)-180) < ABS(MOD(F5-D5+180, 360)-180), 1, 0)) -> 0
B6: CircularDVF_Rigid_EC_On_Corr_Off | C6: 0.35 | D6: 45 | E6: 0.92670902 | F6: 89.520949 | G6: 0.57670902 | H6: 44.520949 | I6: 0 | J6: 0 | K6: =IF(J6=1, "", E6) -> 0.92670902 | L6: =IF(J6=1, "", IF(D6=90, ABS(MOD(F6-D6+180, 360)-180), ABS(IF(ABS(MOD(F6-(180-D6)+180, 360)-180) < ABS(MOD(F6-D6+180, 360)-180), MOD(F6-(180-D6)+180, 360)-180, MOD(F6-D6+180, 360)-180)))) -> 44.520949 | M6: =IF(OR(J6=1, D6=90), 0, IF(ABS(MOD(F6-(180-D6)+180, 360)-180) < ABS(MOD(F6-D6+180, 360)-180), 1, 0)) -> 0
B7: CircularDVF_Rigid_EC_On_Corr_Off | C7: 0.5 | D7: 45 | E7: 0.91118402 | F7: 90.162403 | G7: 0.41118402 | H7: 45.162403 | I7: 1 | J7: 0 | K7: =IF(J7=1, "", E7) -> 0.91118402 | L7: =IF(J7=1, "", IF(D7=90, ABS(MOD(F7-D7+180, 360)-180), ABS(IF(ABS(MOD(F7-(180-D7)+180, 360)-180) < ABS(MOD(F7-D7+180, 360)-180), MOD(F7-(180-D7)+180, 360)-180, MOD(F7-D7+180, 360)-180)))) -> 44.837597 | M7: =IF(OR(J7=1, D7=90), 0, IF(ABS(MOD(F7-(180-D7)+180, 360)-180) < ABS(MOD(F7-D7+180, 360)-180), 1, 0)) -> 1
B8: CircularDVF_Rigid_EC_On_Corr_Off | C8: 0.5 | D8: 0 | E8: 0.99460336 | F8: 1.3093898 | G8: 0.49460336 | H8: 1.3093898 | I8: 0 | J8: 0 | K8: =IF(J8=1, "", E8) -> 0.99460336 | L8: =IF(J8=1, "", IF(D8=90, ABS(MOD(F8-D8+180, 360)-180), ABS(IF(ABS(MOD(F8-(180-D8)+180, 360)-180) < ABS(MOD(F8-D8+180, 360)-180), MOD(F8-(180-D8)+180, 360)-180, MOD(F8-D8+180, 360)-180)))) -> 1.3093898 | M8: =IF(OR(J8=1, D8=90), 0, IF(ABS(MOD(F8-(180-D8)+180, 360)-180) < ABS(MOD(F8-D8+180, 360)-180), 1, 0)) -> 0
B9: CircularDVF_Rigid_EC_On_Corr_Off | C9: 0.5 | D9: 45 | E9: 0.91678608 | F9: 91.775794 | G9: 0.41678608 | H9: 46.775794 | I9: 1 | J9: 0 | K9: =IF(J9=1, "", E9) -> 0.91678608 | L9: =IF(J9=1, "", IF(D9=90, ABS(MOD(F9-D9+180, 360)-180), ABS(IF(ABS(MOD(F9-(180-D9)+180, 360)-180) < ABS(MOD(F9-D9+180, 360)-180), MOD(F9-(180-D9)+180, 360)-180, MOD(F9-D9+180, 360)-180)))) -> 43.224206 | M9: =IF(OR(J9=1, D9=90), 0, IF(ABS(MOD(F9-(180-D9)+180, 360)-180) < ABS(MOD(F9-D9+180, 360)-180), 1, 0)) -> 1
B10: CircularDVF_Rigid_EC_On_Corr_Off | C10: 0.5 | D10: 90 | E10: 1.4742136 | F10: 90.100378 | G10: 0.97421358 | H10: 0.10037793 | I10: 1 | J10: 0 | K10: =IF(J10=1, "", E10) -> 1.4742136 | L10: =IF(J10=1, "", IF(D10=90, ABS(MOD(F10-D10+180, 360)-180), ABS(IF(ABS(MOD(F10-(180-D10)+180, 360)-180) < ABS(MOD(F10-D10+180, 360)-180), MOD(F10-(180-D10)+180, 360)-180, MOD(F10-D10+180, 360)-180)))) -> 0.10037793 | M10: =IF(OR(J10=1, D10=90), 0, IF(ABS(MOD(F10-(180-D10)+180, 360)-180) < ABS(MOD(F10-D10+180, 360)-180), 1, 0)) -> 0
B11: CircularDVF_Rigid_EC_On_Corr_Off | C11: 1 | D11: 45 | E11: 0.90168215 | F11: 87.537536 | G11: -0.098317852 | H11: 42.537536 | I11: 0 | J11: 0 | K11: =IF(J11=1, "", E11) -> 0.90168215 | L11: =IF(J11=1, "", IF(D11=90, ABS(MOD(F11-D11+180, 360)-180), ABS(IF(ABS(MOD(F11-(180-D11)+180, 360)-180) < ABS(MOD(F11-D11+180, 360)-180), MOD(F11-(180-D11)+180, 360)-180, MOD(F11-D11+180, 360)-180)))) -> 42.537536 | M11: =IF(OR(J11=1, D11=90), 0, IF(ABS(MOD(F11-(180-D11)+180, 360)-180) < ABS(MOD(F11-D11+180, 360)-180), 1, 0)) -> 0
B12: CircularDVF_Rigid_EC_On_Corr_Off | C12: 0.35 | D12: 90 | E12: 1.6550998 | F12: 90.625865 | G12: 1.3050998 | H12: 0.62586533 | I12: 1 | J12: 0 | K12: =IF(J12=1, "", E12) -> 1.6550998 | L12: =IF(J12=1, "", IF(D12=90, ABS(MOD(F12-D12+180, 360)-180), ABS(IF(ABS(MOD(F12-(180-D12)+180, 360)-180) < ABS(MOD(F12-D12+180, 360)-180), MOD(F12-(180-D12)+180, 360)-180, MOD(F12-D12+180, 360)-180)))) -> 0.62586533 | M12: =IF(OR(J12=1, D12=90), 0, IF(ABS(MOD(F12-(180-D12)+180, 360)-180) < ABS(MOD(F12-D12+180, 360)-180), 1, 0)) -> 0
B13: CircularDVF_Rigid_EC_On_Corr_Off | C13: 0.35 | D13: 180 | E13: 1.0006877 | F13: 177.21883 | G13: 0.65068775 | H13: -2.7811745 | I13: 0 | J13: 0 | K13: =IF(J13=1, "", E13) -> 1.0006877 | L13: =IF(J13=1, "", IF(D13=90, ABS(MOD(F13-D13+180, 360)-180), ABS(IF(ABS(MOD(F13-(180-D13)+180, 360)-180) < ABS(MOD(F13-D13+180, 360)-180), MOD(F13-(180-D13)+180, 360)-180, MOD(F13-D13+180, 360)-180)))) -> 2.7811745 | M13: =IF(OR(J13=1, D13=90), 0, IF(ABS(MOD(F13-(180-D13)+180, 360)-180) < ABS(MOD(F13-D13+180, 360)-180), 1, 0)) -> 0
... B1951: CircularDVF_Rigid_EC_On_Corr_Off | C1951: 0.5 | D1951: 180 | E1951: 1.6503987 | F1951: 179.56962 | G1951: 1.1503987 | H1951: -0.43038274 | I1951: 0 | J1951: 0 | K1951: =IF(J1951=1, "", E1951) -> 1.6503987 | L1951: =IF(J1951=1, "", IF(D1951=90, ABS(MOD(F1951-D1951+180, 360)-180), ABS(IF(ABS(MOD(F1951-(180-D1951)+180, 360)-180) < ABS(MOD(F1951-D1951+180, 360)-180), MOD(F1951-(180-D1951)+180, 360)-180, MOD(F1951-D1951+180, 360)-180)))) -> 0.43038274 | M1951: =IF(OR(J1951=1, D1951=90), 0, IF(ABS(MOD(F1951-(180-D1951)+180, 360)-180) < ABS(MOD(F1951-D1951+180, 360)-180), 1, 0)) -> 0

Sheet E_avarage
A1: 行ラベル | B1: 平均 / 分析距離 | C1: 標準偏差 / 分析距離2 | D1: 数値の個数 / 分析距離3 | E1: 平均 / 有効角度誤差 | F1: 標準偏差 / 有効角度誤差2 | G1: 数値の個数 / 有効角度誤差3
A2: 0 | B2: 0.6255828 | C2: 0.25865561 | D2: 364 | E2: 6.716646 | F2: 13.443859 | G2: 364
A3: 0.35 | B3: 0.6556386 | C3: 0.26495131 | D3: 74 | E3: 8.6243103 | F3: 16.300436 | G3: 74
A4: 0.5 | B4: 0.63900987 | C4: 0.24972953 | D4: 74 | E4: 7.5473901 | F4: 15.778016 | G4: 74
A5: 0.7 | B5: 0.60984253 | C5: 0.28459914 | D5: 73 | E5: 6.3137268 | F5: 11.55386 | G5: 73
A6: 1 | B6: 0.61577387 | C6: 0.25366318 | D6: 72 | E6: 5.2424074 | F6: 11.842 | G6: 72
A7: 1.5 | B7: 0.60639336 | C7: 0.23334396 | D7: 71 | E7: 5.7718019 | F7: 10.147187 | G7: 71
A8: 45 | B8: 0.85511943 | C8: 0.33121768 | D8: 389 | E8: 19.507168 | F8: 16.555352 | G8: 389
A9: 0.35 | B9: 0.8219344 | C9: 0.41039583 | D9: 78 | E9: 22.536478 | F9: 17.560983 | G9: 78
A10: 0.5 | B10: 0.8554283 | C10: 0.28414344 | D10: 78 | E10: 21.421412 | F10: 16.57124 | G10: 78
A11: 0.7 | B11: 0.87453954 | C11: 0.31641934 | D11: 78 | E11: 17.923698 | F11: 15.377476 | G11: 78
A12: 1 | B12: 0.8575099 | C12: 0.31525911 | D12: 78 | E12: 17.94009 | F12: 16.382115 | G12: 78
A13: 1.5 | B13: 0.86632871 | C13: 0.31320435 | D13: 77 | E13: 17.690874 | F13: 16.166004 | G13: 77
... A31: 1.5 | B31: 0.95658207 | C31: 0.38217993 | D31: 73 | E31: 5.5138445 | F31: 15.36173 | G31: 73
A32: 総計 | B32: 0.8963254 | C32: 0.35759077 | D32: 1893 | E32: 9.7768705 | F32: 14.582486 | G32: 1893

Sheet F
B1: Condition | C1: TargetDist | D1: TargetAngle | E1: RespDist | F1: RespAngle | G1: ErrDist | H1: ErrAngle | I1: FBConf | J1: IsInsideHead | K1: 分析距離 | L1: 有効角度誤差 | M1: New FB
B2: CircularDVF_Rigid_EC_On_Corr_On | C2: 0.7 | D2: 135 | E2: 0.96877492 | F2: 87.708169 | G2: 0.26877492 | H2: -47.291831 | I2: 1 | J2: 0 | K2: =IF(J2=1, "", E2) -> 0.96877492 | L2: =IF(J2=1, "", IF(D2=90, ABS(MOD(F2-D2+180, 360)-180), ABS(IF(ABS(MOD(F2-(180-D2)+180, 360)-180) < ABS(MOD(F2-D2+180, 360)-180), MOD(F2-(180-D2)+180, 360)-180, MOD(F2-D2+180, 360)-180)))) -> 42.708169 | M2: =IF(OR(J2=1, D2=90), 0, IF(ABS(MOD(F2-(180-D2)+180, 360)-180) < ABS(MOD(F2-D2+180, 360)-180), 1, 0)) -> 1
B3: CircularDVF_Rigid_EC_On_Corr_On | C3: 0.35 | D3: 90 | E3: 0.50828404 | F3: 89.708865 | G3: 0.15828404 | H3: -0.29113459 | I3: 0 | J3: 0 | K3: =IF(J3=1, "", E3) -> 0.50828404 | L3: =IF(J3=1, "", IF(D3=90, ABS(MOD(F3-D3+180, 360)-180), ABS(IF(ABS(MOD(F3-(180-D3)+180, 360)-180) < ABS(MOD(F3-D3+180, 360)-180), MOD(F3-(180-D3)+180, 360)-180, MOD(F3-D3+180, 360)-180)))) -> 0.29113459 | M3: =IF(OR(J3=1, D3=90), 0, IF(ABS(MOD(F3-(180-D3)+180, 360)-180) < ABS(MOD(F3-D3+180, 360)-180), 1, 0)) -> 0
B4: CircularDVF_Rigid_EC_On_Corr_On | C4: 0.35 | D4: 90 | E4: 0.44119504 | F4: 88.993737 | G4: 0.091195041 | H4: -1.0062627 | I4: 0 | J4: 0 | K4: =IF(J4=1, "", E4) -> 0.44119504 | L4: =IF(J4=1, "", IF(D4=90, ABS(MOD(F4-D4+180, 360)-180), ABS(IF(ABS(MOD(F4-(180-D4)+180, 360)-180) < ABS(MOD(F4-D4+180, 360)-180), MOD(F4-(180-D4)+180, 360)-180, MOD(F4-D4+180, 360)-180)))) -> 1.0062627 | M4: =IF(OR(J4=1, D4=90), 0, IF(ABS(MOD(F4-(180-D4)+180, 360)-180) < ABS(MOD(F4-D4+180, 360)-180), 1, 0)) -> 0
B5: CircularDVF_Rigid_EC_On_Corr_On | C5: 0.5 | D5: 45 | E5: 0.49860661 | F5: 129.57757 | G5: -0.0013933861 | H5: 84.577575 | I5: 1 | J5: 0 | K5: =IF(J5=1, "", E5) -> 0.49860661 | L5: =IF(J5=1, "", IF(D5=90, ABS(MOD(F5-D5+180, 360)-180), ABS(IF(ABS(MOD(F5-(180-D5)+180, 360)-180) < ABS(MOD(F5-D5+180, 360)-180), MOD(F5-(180-D5)+180, 360)-180, MOD(F5-D5+180, 360)-180)))) -> 5.4224252 | M5: =IF(OR(J5=1, D5=90), 0, IF(ABS(MOD(F5-(180-D5)+180, 360)-180) < ABS(MOD(F5-D5+180, 360)-180), 1, 0)) -> 1
B6: CircularDVF_Rigid_EC_On_Corr_On | C6: 1 | D6: 90 | E6: 1.0787375 | F6: 52.372861 | G6: 0.078737541 | H6: -37.627139 | I6: 0 | J6: 0 | K6: =IF(J6=1, "", E6) -> 1.0787375 | L6: =IF(J6=1, "", IF(D6=90, ABS(MOD(F6-D6+180, 360)-180), ABS(IF(ABS(MOD(F6-(180-D6)+180, 360)-180) < ABS(MOD(F6-D6+180, 360)-180), MOD(F6-(180-D6)+180, 360)-180, MOD(F6-D6+180, 360)-180)))) -> 37.627139 | M6: =IF(OR(J6=1, D6=90), 0, IF(ABS(MOD(F6-(180-D6)+180, 360)-180) < ABS(MOD(F6-D6+180, 360)-180), 1, 0)) -> 0
B7: CircularDVF_Rigid_EC_On_Corr_On | C7: 1.5 | D7: 135 | E7: 1.4340927 | F7: -1.7750848 | G7: -0.065907332 | H7: -136.77508 | I7: 1 | J7: 0 | K7: =IF(J7=1, "", E7) -> 1.4340927 | L7: =IF(J7=1, "", IF(D7=90, ABS(MOD(F7-D7+180, 360)-180), ABS(IF(ABS(MOD(F7-(180-D7)+180, 360)-180) < ABS(MOD(F7-D7+180, 360)-180), MOD(F7-(180-D7)+180, 360)-180, MOD(F7-D7+180, 360)-180)))) -> 46.775085 | M7: =IF(OR(J7=1, D7=90), 0, IF(ABS(MOD(F7-(180-D7)+180, 360)-180) < ABS(MOD(F7-D7+180, 360)-180), 1, 0)) -> 1
B8: CircularDVF_Rigid_EC_On_Corr_On | C8: 1 | D8: 135 | E8: 1.5006577 | F8: 0.67055682 | G8: 0.50065773 | H8: -134.32944 | I8: 1 | J8: 0 | K8: =IF(J8=1, "", E8) -> 1.5006577 | L8: =IF(J8=1, "", IF(D8=90, ABS(MOD(F8-D8+180, 360)-180), ABS(IF(ABS(MOD(F8-(180-D8)+180, 360)-180) < ABS(MOD(F8-D8+180, 360)-180), MOD(F8-(180-D8)+180, 360)-180, MOD(F8-D8+180, 360)-180)))) -> 44.329443 | M8: =IF(OR(J8=1, D8=90), 0, IF(ABS(MOD(F8-(180-D8)+180, 360)-180) < ABS(MOD(F8-D8+180, 360)-180), 1, 0)) -> 1
B9: CircularDVF_Rigid_EC_On_Corr_On | C9: 0.5 | D9: 0 | E9: 0.49330209 | F9: 0.23998092 | G9: -0.0066979142 | H9: 0.23998092 | I9: 0 | J9: 0 | K9: =IF(J9=1, "", E9) -> 0.49330209 | L9: =IF(J9=1, "", IF(D9=90, ABS(MOD(F9-D9+180, 360)-180), ABS(IF(ABS(MOD(F9-(180-D9)+180, 360)-180) < ABS(MOD(F9-D9+180, 360)-180), MOD(F9-(180-D9)+180, 360)-180, MOD(F9-D9+180, 360)-180)))) -> 0.23998092 | M9: =IF(OR(J9=1, D9=90), 0, IF(ABS(MOD(F9-(180-D9)+180, 360)-180) < ABS(MOD(F9-D9+180, 360)-180), 1, 0)) -> 0
B10: CircularDVF_Rigid_EC_On_Corr_On | C10: 0.5 | D10: 180 | E10: 1.7538824 | F10: 0.91125514 | G10: 1.2538824 | H10: -179.08874 | I10: 1 | J10: 0 | K10: =IF(J10=1, "", E10) -> 1.7538824 | L10: =IF(J10=1, "", IF(D10=90, ABS(MOD(F10-D10+180, 360)-180), ABS(IF(ABS(MOD(F10-(180-D10)+180, 360)-180) < ABS(MOD(F10-D10+180, 360)-180), MOD(F10-(180-D10)+180, 360)-180, MOD(F10-D10+180, 360)-180)))) -> 0.91125514 | M10: =IF(OR(J10=1, D10=90), 0, IF(ABS(MOD(F10-(180-D10)+180, 360)-180) < ABS(MOD(F10-D10+180, 360)-180), 1, 0)) -> 1
B11: CircularDVF_Rigid_EC_On_Corr_On | C11: 0.7 | D11: 45 | E11: 0.49811406 | F11: 88.514447 | G11: -0.20188594 | H11: 43.514447 | I11: 0 | J11: 0 | K11: =IF(J11=1, "", E11) -> 0.49811406 | L11: =IF(J11=1, "", IF(D11=90, ABS(MOD(F11-D11+180, 360)-180), ABS(IF(ABS(MOD(F11-(180-D11)+180, 360)-180) < ABS(MOD(F11-D11+180, 360)-180), MOD(F11-(180-D11)+180, 360)-180, MOD(F11-D11+180, 360)-180)))) -> 43.514447 | M11: =IF(OR(J11=1, D11=90), 0, IF(ABS(MOD(F11-(180-D11)+180, 360)-180) < ABS(MOD(F11-D11+180, 360)-180), 1, 0)) -> 0
B12: CircularDVF_Rigid_EC_On_Corr_On | C12: 1 | D12: 180 | E12: 1.2113129 | F12: 179.65794 | G12: 0.21131294 | H12: -0.34206029 | I12: 0 | J12: 0 | K12: =IF(J12=1, "", E12) -> 1.2113129 | L12: =IF(J12=1, "", IF(D12=90, ABS(MOD(F12-D12+180, 360)-180), ABS(IF(ABS(MOD(F12-(180-D12)+180, 360)-180) < ABS(MOD(F12-D12+180, 360)-180), MOD(F12-(180-D12)+180, 360)-180, MOD(F12-D12+180, 360)-180)))) -> 0.34206029 | M12: =IF(OR(J12=1, D12=90), 0, IF(ABS(MOD(F12-(180-D12)+180, 360)-180) < ABS(MOD(F12-D12+180, 360)-180), 1, 0)) -> 0
B13: CircularDVF_Rigid_EC_On_Corr_On | C13: 1.5 | D13: 0 | E13: 0.86529692 | F13: 0.82089828 | G13: -0.63470308 | H13: 0.82089828 | I13: 0 | J13: 0 | K13: =IF(J13=1, "", E13) -> 0.86529692 | L13: =IF(J13=1, "", IF(D13=90, ABS(MOD(F13-D13+180, 360)-180), ABS(IF(ABS(MOD(F13-(180-D13)+180, 360)-180) < ABS(MOD(F13-D13+180, 360)-180), MOD(F13-(180-D13)+180, 360)-180, MOD(F13-D13+180, 360)-180)))) -> 0.82089828 | M13: =IF(OR(J13=1, D13=90), 0, IF(ABS(MOD(F13-(180-D13)+180, 360)-180) < ABS(MOD(F13-D13+180, 360)-180), 1, 0)) -> 0
... B1951: CircularDVF_Rigid_EC_On_Corr_On | C1951: 1 | D1951: 90 | E1951: 1.1131383 | F1951: 88.271543 | G1951: 0.11313828 | H1951: -1.7284567 | I1951: 0 | J1951: 0 | K1951: =IF(J1951=1, "", E1951) -> 1.1131383 | L1951: =IF(J1951=1, "", IF(D1951=90, ABS(MOD(F1951-D1951+180, 360)-180), ABS(IF(ABS(MOD(F1951-(180-D1951)+180, 360)-180) < ABS(MOD(F1951-D1951+180, 360)-180), MOD(F1951-(180-D1951)+180, 360)-180, MOD(F1951-D1951+180, 360)-180)))) -> 1.7284567 | M1951: =IF(OR(J1951=1, D1951=90), 0, IF(ABS(MOD(F1951-(180-D1951)+180, 360)-180) < ABS(MOD(F1951-D1951+180, 360)-180), 1, 0)) -> 0

Sheet F_avarage
A1: 行ラベル | B1: 平均 / 分析距離 | C1: 標準偏差 / 分析距離2 | D1: 数値の個数 / 分析距離3 | E1: 平均 / 有効角度誤差 | F1: 標準偏差 / 有効角度誤差2 | G1: 数値の個数 / 有効角度誤差3
A2: 0 | B2: 0.76718098 | C2: 0.352004 | D2: 372 | E2: 6.7266159 | F2: 13.953065 | G2: 372
A3: 0.35 | B3: 1.0160615 | C3: 0.42376301 | D3: 76 | E3: 4.9145922 | F3: 9.98413 | G3: 76
A4: 0.5 | B4: 0.81282584 | C4: 0.32751826 | D4: 75 | E4: 7.3140649 | F4: 16.33038 | G4: 75
A5: 0.7 | B5: 0.74779521 | C5: 0.28523132 | D5: 71 | E5: 6.8533397 | F5: 13.335401 | G5: 71
A6: 1 | B6: 0.62936545 | C6: 0.26656252 | D6: 74 | E6: 7.5546252 | F6: 14.719155 | G6: 74
A7: 1.5 | B7: 0.6255554 | C7: 0.27012864 | D7: 76 | E7: 7.0343137 | F7: 14.443153 | G7: 76
A8: 45 | B8: 0.93418887 | C8: 0.34146369 | D8: 390 | E8: 19.014919 | F8: 15.618349 | G8: 390
A9: 0.35 | B9: 0.96760967 | C9: 0.34075041 | D9: 78 | E9: 17.677014 | F9: 14.900462 | G9: 78
A10: 0.5 | B10: 0.89844483 | C10: 0.34672382 | D10: 78 | E10: 20.950909 | F10: 15.983447 | G10: 78
A11: 0.7 | B11: 0.95362447 | C11: 0.35918937 | D11: 78 | E11: 19.007942 | F11: 15.810281 | G11: 78
A12: 1 | B12: 0.91802484 | C12: 0.33628762 | D12: 78 | E12: 18.876164 | F12: 15.453571 | G12: 78
A13: 1.5 | B13: 0.93324052 | C13: 0.31861911 | D13: 78 | E13: 18.562568 | F13: 15.736261 | G13: 78
... A31: 1.5 | B31: 1.1221528 | C31: 0.42729495 | D31: 76 | E31: 7.1109229 | F31: 16.76953 | G31: 76
A32: 総計 | B32: 0.96197725 | C32: 0.38070778 | D32: 1914 | E32: 10.121175 | F32: 14.485272 | G32: 1914

Sheet 平均値(Distance)
A1: 角度 | B1: Mean(A) | C1: SD(A) | D1: Mean(B) | E1: SD(B) | F1: Mean(C) | G1: SD(C) | H1: Mean(D) | I1: SD(D) | J1: Mean(E) | K1: SD(E) | L1: Mean(F) | M1: SD(F)
A2: 0 | B2: 0.68130176 | C2: 0.28957619 | D2: 0.66477669 | E2: 0.28095847 | F2: 0.73418963 | G2: 0.35128653 | H2: 0.67900818 | I2: 0.30042412 | J2: 0.6255828 | K2: 0.25865561 | L2: 0.76718098 | M2: 0.352004
A3: 0.35 | B3: 0.75128282 | C3: 0.27461359 | D3: 0.71382548 | E3: 0.27675943 | F3: 0.91445996 | G3: 0.4549026 | H3: 0.74441052 | I3: 0.32324632 | J3: 0.6556386 | K3: 0.26495131 | L3: 1.0160615 | M3: 0.42376301
A4: 0.5 | B4: 0.73990975 | C4: 0.28518684 | D4: 0.70110135 | E4: 0.28644665 | F4: 0.74789657 | G4: 0.33140708 | H4: 0.68600845 | I4: 0.29984334 | J4: 0.63900987 | K4: 0.24972953 | L4: 0.81282584 | M4: 0.32751826
A5: 0.7 | B5: 0.63309043 | C5: 0.28078666 | D5: 0.6092886 | E5: 0.24442628 | F5: 0.72582261 | G5: 0.32020133 | H5: 0.6585705 | I5: 0.30153892 | J5: 0.60984253 | K5: 0.28459914 | L5: 0.74779521 | M5: 0.28523132
A6: 1 | B6: 0.66232135 | C6: 0.29959638 | D6: 0.6795806 | E6: 0.29129199 | F6: 0.63729715 | G6: 0.28602418 | H6: 0.69485893 | I6: 0.27598908 | J6: 0.61577387 | K6: 0.25366318 | L6: 0.62936545 | M6: 0.26656252
A7: 1.5 | B7: 0.6229734 | C7: 0.28210608 | D7: 0.61829136 | E7: 0.28646671 | F7: 0.64568089 | G7: 0.26042961 | H7: 0.61130758 | I7: 0.28286736 | J7: 0.60639336 | K7: 0.23334396 | L7: 0.6255554 | M7: 0.27012864
A8: 45 | B8: 0.91962852 | C8: 0.35558863 | D8: 0.9070644 | E8: 0.31617322 | F8: 0.85558531 | G8: 0.30592391 | H8: 0.88731876 | I8: 0.36967864 | J8: 0.85511943 | K8: 0.33121768 | L8: 0.93418887 | M8: 0.34146369
A9: 0.35 | B9: 0.90510778 | C9: 0.34676054 | D9: 0.8918035 | E9: 0.36404854 | F9: 0.88252891 | G9: 0.25954656 | H9: 0.86200855 | I9: 0.40288666 | J9: 0.8219344 | K9: 0.41039583 | L9: 0.96760967 | M9: 0.34075041
A10: 0.5 | B10: 0.91428677 | C10: 0.3548458 | D10: 0.94531801 | E10: 0.33492832 | F10: 0.87967239 | G10: 0.30764139 | H10: 0.90238088 | I10: 0.38850125 | J10: 0.8554283 | K10: 0.28414344 | L10: 0.89844483 | M10: 0.34672382
A11: 0.7 | B11: 0.9172527 | C11: 0.33585066 | D11: 0.88646453 | E11: 0.26568966 | F11: 0.83166216 | G11: 0.325361 | H11: 0.90823784 | I11: 0.35619706 | J11: 0.87453954 | K11: 0.31641934 | L11: 0.95362447 | M11: 0.35918937
A12: 1 | B12: 0.92646772 | C12: 0.39321221 | D12: 0.90131647 | E12: 0.30397859 | F12: 0.86241715 | G12: 0.33471373 | H12: 0.90446399 | I12: 0.35187762 | J12: 0.8575099 | K12: 0.31525911 | L12: 0.91802484 | M12: 0.33628762
A13: 1.5 | B13: 0.93502761 | C13: 0.34368228 | D13: 0.91041951 | E13: 0.29993392 | F13: 0.82164594 | G13: 0.29149523 | H13: 0.85950256 | I13: 0.34204329 | J13: 0.86632871 | K13: 0.31320435 | L13: 0.93324052 | M13: 0.31861911
... A31: 1.5 | B31: 0.99518569 | C31: 0.39525419 | D31: 0.99931617 | E31: 0.40289327 | F31: 1.0423843 | G31: 0.41574443 | H31: 0.93921705 | I31: 0.40341141 | J31: 0.95658207 | K31: 0.38217993 | L31: 1.1221528 | M31: 0.42729495

Sheet SD(Distance)
A1: 角度 | B1: Mean(A) | C1: SD(A) | D1: Mean(B) | E1: SD(B) | F1: Mean(C) | G1: SD(C) | H1: Mean(D) | I1: SD(D) | J1: Mean(E) | K1: SD(E) | L1: Mean(F) | M1: SD(F)
A2: 0 | B2: 0.68130176 | C2: 0.28957619 | D2: 0.66477669 | E2: 0.28095847 | F2: 0.73418963 | G2: 0.35128653 | H2: 0.67900818 | I2: 0.30042412 | J2: 0.6255828 | K2: 0.25865561 | L2: 0.76718098 | M2: 0.352004
A3: 0.35 | B3: 0.75128282 | C3: 0.27461359 | D3: 0.71382548 | E3: 0.27675943 | F3: 0.91445996 | G3: 0.4549026 | H3: 0.74441052 | I3: 0.32324632 | J3: 0.6556386 | K3: 0.26495131 | L3: 1.0160615 | M3: 0.42376301
A4: 0.5 | B4: 0.73990975 | C4: 0.28518684 | D4: 0.70110135 | E4: 0.28644665 | F4: 0.74789657 | G4: 0.33140708 | H4: 0.68600845 | I4: 0.29984334 | J4: 0.63900987 | K4: 0.24972953 | L4: 0.81282584 | M4: 0.32751826
A5: 0.7 | B5: 0.63309043 | C5: 0.28078666 | D5: 0.6092886 | E5: 0.24442628 | F5: 0.72582261 | G5: 0.32020133 | H5: 0.6585705 | I5: 0.30153892 | J5: 0.60984253 | K5: 0.28459914 | L5: 0.74779521 | M5: 0.28523132
A6: 1 | B6: 0.66232135 | C6: 0.29959638 | D6: 0.6795806 | E6: 0.29129199 | F6: 0.63729715 | G6: 0.28602418 | H6: 0.69485893 | I6: 0.27598908 | J6: 0.61577387 | K6: 0.25366318 | L6: 0.62936545 | M6: 0.26656252
A7: 1.5 | B7: 0.6229734 | C7: 0.28210608 | D7: 0.61829136 | E7: 0.28646671 | F7: 0.64568089 | G7: 0.26042961 | H7: 0.61130758 | I7: 0.28286736 | J7: 0.60639336 | K7: 0.23334396 | L7: 0.6255554 | M7: 0.27012864
A8: 45 | B8: 0.91962852 | C8: 0.35558863 | D8: 0.9070644 | E8: 0.31617322 | F8: 0.85558531 | G8: 0.30592391 | H8: 0.88731876 | I8: 0.36967864 | J8: 0.85511943 | K8: 0.33121768 | L8: 0.93418887 | M8: 0.34146369
A9: 0.35 | B9: 0.90510778 | C9: 0.34676054 | D9: 0.8918035 | E9: 0.36404854 | F9: 0.88252891 | G9: 0.25954656 | H9: 0.86200855 | I9: 0.40288666 | J9: 0.8219344 | K9: 0.41039583 | L9: 0.96760967 | M9: 0.34075041
A10: 0.5 | B10: 0.91428677 | C10: 0.3548458 | D10: 0.94531801 | E10: 0.33492832 | F10: 0.87967239 | G10: 0.30764139 | H10: 0.90238088 | I10: 0.38850125 | J10: 0.8554283 | K10: 0.28414344 | L10: 0.89844483 | M10: 0.34672382
A11: 0.7 | B11: 0.9172527 | C11: 0.33585066 | D11: 0.88646453 | E11: 0.26568966 | F11: 0.83166216 | G11: 0.325361 | H11: 0.90823784 | I11: 0.35619706 | J11: 0.87453954 | K11: 0.31641934 | L11: 0.95362447 | M11: 0.35918937
A12: 1 | B12: 0.92646772 | C12: 0.39321221 | D12: 0.90131647 | E12: 0.30397859 | F12: 0.86241715 | G12: 0.33471373 | H12: 0.90446399 | I12: 0.35187762 | J12: 0.8575099 | K12: 0.31525911 | L12: 0.91802484 | M12: 0.33628762
A13: 1.5 | B13: 0.93502761 | C13: 0.34368228 | D13: 0.91041951 | E13: 0.29993392 | F13: 0.82164594 | G13: 0.29149523 | H13: 0.85950256 | I13: 0.34204329 | J13: 0.86632871 | K13: 0.31320435 | L13: 0.93324052 | M13: 0.31861911
... A31: 1.5 | B31: 0.99518569 | C31: 0.39525419 | D31: 0.99931617 | E31: 0.40289327 | F31: 1.0423843 | G31: 0.41574443 | H31: 0.93921705 | I31: 0.40341141 | J31: 0.95658207 | K31: 0.38217993 | L31: 1.1221528 | M31: 0.42729495

Sheet 平均値・SD(有効角度誤差)
A1: 角度 | B1: Mean(A) | C1: SD(A) | D1: Mean(B) | E1: SD(B) | F1: Mean(C) | G1: SD(C) | H1: Mean(D) | I1: SD(D) | J1: Mean(E) | K1: SD(E) | L1: Mean(F) | M1: SD(F)
A2: 0 | B2: 7.7897615 | C2: 14.997573 | D2: 8.0106878 | E2: 13.916177 | F2: 8.1624691 | G2: 15.086098 | H2: 6.7701079 | I2: 13.637342 | J2: 6.716646 | K2: 13.443859 | L2: 6.7266159 | M2: 13.953065
A3: 45 | B3: 18.966892 | C3: 16.193551 | D3: 18.652787 | E3: 15.901909 | F3: 18.46621 | G3: 15.933807 | H3: 19.511091 | I3: 16.061801 | J3: 19.507168 | K3: 16.555352 | L3: 19.014919 | M3: 15.618349
A4: 90 | B4: 6.7467527 | C4: 11.750359 | D4: 6.1663201 | E4: 10.985329 | F4: 6.5640953 | G4: 11.509032 | H4: 6.6257703 | I4: 12.305074 | J4: 6.4935333 | K4: 11.824577 | L4: 6.3663282 | M4: 11.438205
A5: 135 | B5: 12.063311 | C5: 12.534952 | D5: 11.281939 | E5: 16.040098 | F5: 11.38987 | G5: 12.344378 | H5: 12.404801 | I5: 11.893466 | J5: 12.032132 | K5: 14.048819 | L5: 13.304338 | M5: 13.596951
A6: 180 | B6: 4.6285282 | C6: 11.838315 | D6: 5.1779719 | E6: 11.264567 | F6: 5.1390594 | G6: 12.638543 | H6: 3.6808854 | I6: 8.3824934 | J6: 3.4707197 | K6: 10.259381 | L6: 4.7909939 | M6: 12.243365

Sheet 除外データ
A1: 条件 | B1: 全試行数 | C1: 頭内定位 | D1: 前後反転 | F1: 頭内定位率 | G1: 反転率 | H1: 除外率
A2: A | B2: =COUNTA([2]A!B:B) - 1 -> 1950 | C2: =COUNTIF(A!J:J, 1) -> 50 | D2: =COUNTIF(A!M:M, 1) -> 220 | F2: =C2/B2 -> 0.025641026 | G2: =D2/B2 -> 0.11282051 | H2: =(F2+G2) -> 0.13846154
A3: B | B3: =COUNTA([2]B!B:B) - 1 -> 1950 | C3: =COUNTIF(B!J:J, 1) -> 9 | D3: =COUNTIF(B!M:M, 1) -> 249 | F3: =C3/B3 -> 0.0046153846 | G3: =D3/B3 -> 0.12769231 | H3: =(F3+G3) -> 0.13230769
A4: C | B4: =COUNTA([2]A!B:B) - 1 -> 1950 | C4: =COUNTIF('C'!J:J, 1) -> 67 | D4: =COUNTIF('C'!M:M, 1) -> 270 | F4: =C4/B4 -> 0.034358974 | G4: =D4/B4 -> 0.13846154 | H4: =(F4+G4) -> 0.17282051
A5: D | B5: =COUNTA([2]B!B:B) - 1 -> 1950 | C5: =COUNTIF(D!J:J, 1) -> 46 | D5: =COUNTIF(D!M:M, 1) -> 241 | F5: =C5/B5 -> 0.023589744 | G5: =D5/B5 -> 0.12358974 | H5: =(F5+G5) -> 0.14717949
A6: E | B6: =COUNTA([2]A!B:B) - 1 -> 1950 | C6: =COUNTIF(E!J:J, 1) -> 57 | D6: =COUNTIF(E!M:M, 1) -> 245 | F6: =C6/B6 -> 0.029230769 | G6: =D6/B6 -> 0.12564103 | H6: =(F6+G6) -> 0.15487179
A7: F | B7: =COUNTA([2]B!B:B) - 1 -> 1950 | C7: =COUNTIF(F!J:J, 1) -> 36 | D7: =COUNTIF(F!M:M, 1) -> 295 | F7: =C7/B7 -> 0.018461538 | G7: =D7/B7 -> 0.15128205 | H7: =(F7+G7) -> 0.16974359

Sheet 頭内定位率
B1: A | C1: B | D1: C | E1: D | F1: E | G1: F
A2: sub1 | B2: 0 | C2: 0 | D2: 0 | E2: 0 | F2: 0 | G2: 0
A3: sub2 | B3: 0 | C3: 0 | D3: 0 | E3: 0 | F3: 0 | G3: 0
A4: sub3 | B4: 0.053333333 | C4: 0.033333333 | D4: 0.08 | E4: 0.04 | F4: 0.046666667 | G4: 0.02
A5: sub4 | B5: 0.0066666667 | C5: 0 | D5: 0 | E5: 0 | F5: 0 | G5: 0
A6: sub5 | B6: 0 | C6: 0 | D6: 0.02 | E6: 0 | F6: 0 | G6: 0
A7: sub6 | B7: 0 | C7: 0 | D7: 0 | E7: 0 | F7: 0 | G7: 0
A8: sub7 | B8: 0 | C8: 0 | D8: 0 | E8: 0 | F8: 0 | G8: 0
A9: sub8 | B9: 0 | C9: 0 | D9: 0 | E9: 0 | F9: 0 | G9: 0
A10: sub9 | B10: 0 | C10: 0.0066666667 | D10: 0 | E10: 0 | F10: 0 | G10: 0
A11: sub10 | B11: 0.013333333 | C11: 0 | D11: 0.04 | E11: 0.0066666667 | F11: 0.04 | G11: 0
A12: sub11 | B12: 0 | C12: 0.013333333 | D12: 0.0066666667 | E12: 0 | F12: 0.0066666667 | G12: 0.0066666667
A13: sub12 | B13: 0 | C13: 0 | D13: 0 | E13: 0 | F13: 0 | G13: 0
A14: sub13 | B14: 0.26 | C14: 0.0066666667 | D14: 0.3 | E14: 0.26 | F14: 0.28666667 | G14: 0.21333333

Sheet T_Test(Distance_A)
A1: °/m | B1: 0.35 | C1: 0.5 | D1: 0.7 | E1: 1 | F1: 1.5
A2: 0
A3: sub1 | B3: 0.9238966 | C3: 0.82357377 | D3: 0.67617247 | E3: 0.92071143 | F3: 0.90655905
A4: sub2 | B4: 0.92557247 | C4: 0.96815502 | D4: 0.96151581 | E4: 0.98488802 | F4: 0.89878953
A5: sub3 | B5: 0.61915795 | C5: 0.79550155 | D5: 0.57276647 | E5: 0.54302767 | F5: 0.47675538
A6: sub4 | B6: 0.75110693 | C6: 0.5959208 | D6: 0.50205848 | E6: 0.4771834 | F6: 0.52021916
A7: sub5 | B7: 0.81319884 | C7: 0.73954425 | D7: 0.7935886 | E7: 0.70735724 | F7: 0.74241557
A8: sub6 | B8: 0.70794068 | C8: 0.82829682 | D8: 0.76915981 | E8: 0.67804763 | F8: 0.61843607
A9: sub7 | B9: 0.75223176 | C9: 0.82743918 | D9: 0.61231662 | E9: 0.73242288 | F9: 0.77497554
A10: sub8 | B10: 0.4515256 | C10: 0.53665103 | D10: 0.41063916 | E10: 0.49279155 | F10: 0.60188599
A11: sub9 | B11: 0.35223806 | D11: 0.077572794 | E11: 0.40172144 | F11: 0.088615672
A12: sub10 | B12: 0.96016097 | C12: 0.82154503 | D12: 0.71983761 | E12: 0.79382401 | F12: 0.7605173
A13: sub11 | B13: 0.94863572 | C13: 0.73637268 | D13: 0.49823699 | E13: 0.57410997 | F13: 0.50643456
A14: sub12 | B14: 0.31442337 | C14: 0.2825515 | D14: 0.35620846 | E14: 0.24219297 | F14: 0.19874424
A15: sub13 | B15: 0.94714625 | C15: 0.88206048 | D15: 0.90975728 | E15: 0.88864254 | F15: 0.81564323
A16: 45
A17: sub1 | B17: 0.9583976 | C17: 0.7779516 | D17: 0.90529257 | E17: 0.89504283 | F17: 0.88438886
A18: sub2 | B18: 0.97267226 | C18: 1.0208832 | D18: 0.98884564 | E18: 0.95136263 | F18: 0.9629477
A19: sub3 | B19: 1.6575951 | C19: 1.6139336 | D19: 1.3161389 | E19: 1.759124 | F19: 1.6281659
A20: sub4 | B20: 0.75238892 | C20: 0.5091316 | D20: 0.56288089 | E20: 0.51255946 | F20: 0.58866495
A21: sub5 | B21: 0.75383931 | C21: 0.84651106 | D21: 0.83391442 | E21: 0.87111216 | F21: 0.76649817
A22: sub6 | B22: 1.1658899 | C22: 1.2477988 | D22: 1.257865 | E22: 1.0479469 | F22: 1.2544189
A23: sub7 | B23: 0.91227827 | C23: 0.87421972 | D23: 0.73163182 | E23: 0.87619016 | F23: 0.73501113
A24: sub8 | B24: 0.59661369 | C24: 0.73097497 | D24: 0.79307134 | E24: 0.65296377 | F24: 0.86086378
A25: sub9 | B25: 1.0646404 | C25: 1.1346854 | D25: 1.1873966 | E25: 0.77654075 | F25: 1.0836912
A26: sub10 | B26: 0.74669262 | C26: 0.76602275 | D26: 0.83100857 | E26: 1.05184 | F26: 0.96109171
A27: sub11 | B27: 0.96492323 | C27: 1.0009582 | D27: 1.0530962 | E27: 1.1890818 | F27: 1.0315123
A28: sub12 | B28: 0.49243822 | C28: 0.45569243 | D28: 0.48393427 | E28: 0.48998411 | F28: 0.50522637
A29: sub13 | B29: 0.7280315 | C29: 0.90696471 | D29: 0.979209 | E29: 0.97033181 | F29: 0.89287797
A30: 90
A31: sub1 | B31: 1.1562793 | C31: 1.081285 | D31: 1.105589 | E31: 1.1147569 | F31: 1.2859349
A32: sub2 | B32: 0.93968079 | C32: 0.96912915 | D32: 0.98870153 | E32: 0.9811652 | F32: 1.0064079
A33: sub3 | B33: 1.4037064 | C33: 1.4426995 | D33: 1.1699866 | E33: 1.3671826 | F33: 1.1321044
A34: sub4 | B34: 0.43194817 | C34: 0.39146754 | D34: 0.60425703 | E34: 0.45184055 | F34: 0.53599324
A35: sub5 | B35: 0.79989173 | C35: 1.1093185 | D35: 1.1070044 | E35: 0.92286063 | F35: 0.92773186
A36: sub6 | B36: 1.5396861 | C36: 1.5524099 | D36: 1.4958226 | E36: 1.4523429 | F36: 1.4536373
A37: sub7 | B37: 0.80446612 | C37: 0.88928077 | D37: 0.86851332 | E37: 0.74592593 | F37: 0.84676263
A38: sub8 | B38: 0.81056644 | C38: 0.92069026 | D38: 1.0209484 | E38: 0.82522787 | F38: 0.76232279
A39: sub9 | B39: 0.59631212 | C39: 0.91856988 | D39: 0.66926377 | E39: 0.72544543 | F39: 0.83726791
A40: sub10 | B40: 0.8109349 | C40: 1.3657702 | D40: 0.96672956 | E40: 1.1187517 | F40: 0.88637107
A41: sub11 | B41: 1.159679 | C41: 1.1681714 | D41: 1.0594004 | E41: 1.0396676 | F41: 1.1627506
A42: sub12 | B42: 0.48409604 | C42: 0.44927898 | D42: 0.49722565 | E42: 0.47511241 | F42: 0.47890395
A43: sub13 | B43: 0.75203072 | C43: 0.78035873 | D43: 0.8695149 | E43: 0.82927106 | F43: 0.97200283
A44: 135
A45: sub1 | B45: 1.2294489 | C45: 1.2082415 | D45: 1.3812356 | E45: 1.0154478 | F45: 1.1611769
A46: sub2 | B46: 1.1684946 | C46: 1.0752592 | D46: 0.99029016 | E46: 1.097519 | F46: 1.0039282
A47: sub3 | B47: 0.67479835 | C47: 0.694175 | D47: 0.84521709 | E47: 0.83683478 | F47: 0.77303794
A48: sub4 | B48: 0.85953171 | C48: 0.97756387 | D48: 0.86649476 | E48: 0.88568684 | F48: 0.86516335
A49: sub5 | B49: 1.2087978 | C49: 1.1858169 | D49: 1.0499421 | E49: 1.203505 | F49: 1.130709
A50: sub6 | B50: 1.5217514 | C50: 1.2837633 | D50: 1.4932894 | E50: 1.2961439 | F50: 1.5413151
A51: sub7 | B51: 1.0363078 | C51: 0.90951449 | D51: 0.87412495 | E51: 1.0277298 | F51: 0.92232787
A52: sub8 | B52: 1.0723312 | C52: 0.90994465 | D52: 0.98011359 | E52: 1.0826738 | F52: 0.96899748
A53: sub9 | B53: 1.2375187 | C53: 1.0161368 | D53: 0.8173732 | E53: 0.86131462 | F53: 0.90149081
A54: sub10 | B54: 1.3972274 | C54: 1.2714439 | D54: 1.2270148 | E54: 1.4265785 | F54: 1.175968
A55: sub11 | B55: 1.1477972 | C55: 1.2915129 | D55: 1.2925709 | E55: 1.3173448 | F55: 1.1894828
A56: sub12 | B56: 0.59622581 | C56: 0.56628701 | D56: 0.52048799 | E56: 0.50047261 | F56: 0.52957357
A57: sub13 | B57: 1.3315755 | C57: 1.2891465 | D57: 1.2794623 | E57: 1.1254315 | F57: 1.2293334
A58: 180
A59: sub1 | B59: 1.0784309 | C59: 0.82378388 | D59: 1.2414577 | E59: 1.2460054 | F59: 0.97737079
A60: sub2 | B60: 1.1132218 | C60: 0.98516816 | D60: 0.9703416 | E60: 0.99460084 | F60: 0.96528739
A61: sub3 | B61: 0.38421208 | C61: 0.46817014 | D61: 0.50828767 | E61: 0.50673954 | F61: 0.57551251
A62: sub4 | B62: 0.88254415 | C62: 0.95244891 | D62: 1.1788296 | E62: 0.95237277 | F62: 0.98531705
A63: sub5 | B63: 1.2762121 | C63: 1.2048565 | D63: 1.1946195 | E63: 1.1835574 | F63: 1.1512957
A64: sub6 | B64: 1.118427 | C64: 1.5036037 | D64: 0.98930755 | E64: 1.2260826 | F64: 1.5704576
A65: sub7 | B65: 0.86621992 | C65: 0.91014211 | D65: 0.79483505 | E65: 0.66040403 | F65: 0.80929195
A66: sub8 | B66: 0.55801764 | C66: 0.89192061 | D66: 0.8628416 | E66: 0.84206115 | F66: 1.0341307
A67: sub9 | B67: 0.080708637 | E67: 0.069275027 | F67: 0.77436488
A68: sub10 | B68: 1.3330704 | C68: 1.2598754 | D68: 1.3157736 | E68: 1.4853284 | F68: 1.0791029
A69: sub11 | B69: 1.1671224 | C69: 1.0257768 | D69: 1.0693702 | E69: 1.155687 | F69: 0.97054101
A70: sub12 | B70: 0.49357815 | C70: 0.4686614 | D70: 0.44868195 | E70: 0.42992853 | F70: 0.42868592
A71: sub13 | B71: 1.2811381 | C71: 1.3991134 | D71: 1.4173413 | E71: 1.2985158 | F71: 1.374425

Sheet T_Test(Distance_B)
A1: °/m | B1: 0.35 | C1: 0.5 | D1: 0.7 | E1: 1 | F1: 1.5
A2: 0
A3: sub1 | B3: 0.94361436 | C3: 0.93119087 | D3: 0.80401217 | E3: 0.80975849 | F3: 0.91812029
A4: sub2 | B4: 0.75133061 | C4: 0.86149674 | D4: 0.89224547 | E4: 0.9742293 | F4: 0.9721091
A5: sub3 | B5: 0.31608913 | C5: 0.54072723 | D5: 0.4324743 | E5: 0.46741914 | F5: 0.47569678
A6: sub4 | B6: 0.92920062 | C6: 0.72265596 | D6: 0.65694662 | E6: 0.77069762 | F6: 0.68116592
A7: sub5 | B7: 0.85868761 | C7: 0.7897764 | D7: 0.75286435 | E7: 0.75645182 | F7: 0.668992
A8: sub6 | B8: 0.66739233 | C8: 0.57800029 | D8: 0.61762978 | E8: 0.50245685 | F8: 0.49535851
A9: sub7 | B9: 0.73030591 | C9: 0.70537684 | D9: 0.62817807 | E9: 0.70031824 | F9: 0.55503844
A10: sub8 | B10: 0.64225365 | C10: 0.81736011 | D10: 0.49281442 | E10: 0.77560922 | F10: 0.50639513
A11: sub9 | B11: 0.628129 | C11: 0.61320426 | D11: 0.27827087 | E11: 0.52160164 | F11: 0.33590062
A12: sub10 | B12: 0.66552033 | C12: 0.74093412 | D12: 0.63713492 | E12: 0.67764813 | F12: 0.68912839
A13: sub11 | B13: 0.73588535 | C13: 0.62230449 | D13: 0.65416743 | E13: 0.70122481 | F13: 0.55458847
A14: sub12 | B14: 0.41336928 | C14: 0.33194323 | D14: 0.29666759 | E14: 0.31808743 | F14: 0.32012495
A15: sub13 | B15: 0.98602443 | C15: 0.85934699 | D15: 0.72846436 | E15: 0.8750499 | F15: 0.82787035
A16: 45
A17: sub1 | B17: 0.83603907 | C17: 0.98640556 | D17: 0.92598826 | E17: 0.99155362 | F17: 0.93258401
A18: sub2 | B18: 0.82675077 | C18: 0.96060289 | D18: 0.86874122 | E18: 0.92774069 | F18: 0.82370792
A19: sub3 | B19: 1.8415982 | C19: 1.629413 | D19: 1.2217576 | E19: 1.4438481 | F19: 1.4300839
A20: sub4 | B20: 0.83345134 | C20: 0.82400886 | D20: 0.83456876 | E20: 0.72499825 | F20: 0.87641103
A21: sub5 | B21: 0.78331037 | C21: 0.80228422 | D21: 0.83509541 | E21: 0.77422731 | F21: 0.76769047
A22: sub6 | B22: 0.93846066 | C22: 0.96542152 | D22: 0.84312691 | E22: 0.99349243 | F22: 0.92173564
A23: sub7 | B23: 0.71345566 | C23: 0.882932 | D23: 0.85135078 | E23: 0.70191365 | F23: 0.81784051
A24: sub8 | B24: 0.5548341 | C24: 0.84727011 | D24: 0.7306663 | E24: 0.6810301 | F24: 0.80377364
A25: sub9 | B25: 1.2309017 | C25: 1.3588455 | D25: 1.2124644 | E25: 1.3015465 | F25: 1.3111156
A26: sub10 | B26: 0.63703569 | C26: 0.74919477 | D26: 0.82741403 | E26: 0.73154203 | F26: 0.73353969
A27: sub11 | B27: 1.0849604 | C27: 1.0729301 | D27: 1.0564056 | E27: 1.0662858 | F27: 1.1109753
A28: sub12 | B28: 0.49003096 | C28: 0.4689813 | D28: 0.50543822 | E28: 0.49124295 | F28: 0.46712274
A29: sub13 | B29: 0.82261655 | C29: 0.74084424 | D29: 0.81102138 | E29: 0.88769253 | F29: 0.83887323
A30: 90
A31: sub1 | B31: 1.0672001 | C31: 0.94913507 | D31: 0.95894676 | E31: 0.94403267 | F31: 1.0788153
A32: sub2 | B32: 0.7601009 | C32: 0.77326111 | D32: 0.82591506 | E32: 0.85575641 | F32: 0.83247434
A33: sub3 | B33: 1.2277897 | C33: 1.4021505 | D33: 1.3406916 | E33: 1.254099 | F33: 1.2709763
A34: sub4 | B34: 0.61478943 | C34: 0.7380523 | D34: 1.1084765 | E34: 1.119638 | F34: 0.75538959
A35: sub5 | B35: 0.787812 | C35: 0.82010677 | D35: 0.97848943 | E35: 0.90551681 | F35: 0.83247734
A36: sub6 | B36: 1.1047842 | C36: 1.0953037 | D36: 1.1634926 | E36: 1.0231954 | F36: 1.0833245
A37: sub7 | B37: 0.86039229 | C37: 0.84214953 | D37: 0.80825221 | E37: 0.75200613 | F37: 0.79960348
A38: sub8 | B38: 1.0783973 | C38: 1.1141623 | D38: 0.92071111 | E38: 0.99377151 | F38: 1.0336919
A39: sub9 | B39: 1.1574147 | C39: 1.2559852 | D39: 1.1540889 | E39: 1.0836065 | F39: 1.0693606
A40: sub10 | B40: 0.76089141 | C40: 0.74268622 | D40: 0.67306165 | E40: 1.0561135 | F40: 1.0257731
A41: sub11 | B41: 1.0283809 | C41: 1.0988686 | D41: 1.0413798 | E41: 1.2153924 | F41: 1.1598804
A42: sub12 | B42: 0.50285573 | C42: 0.50557309 | D42: 0.51820942 | E42: 0.5147156 | F42: 0.53261527
A43: sub13 | B43: 0.78308835 | C43: 0.78226368 | D43: 0.77358963 | E43: 0.83081178 | F43: 0.89965047
A44: 135
A45: sub1 | B45: 1.2028376 | C45: 1.4104075 | D45: 1.1752539 | E45: 1.1645794 | F45: 1.08795
A46: sub2 | B46: 1.0029831 | C46: 0.8934776 | D46: 0.92843275 | E46: 0.95010755 | F46: 1.0205856
A47: sub3 | B47: 0.94322709 | C47: 0.87170766 | D47: 0.76209068 | E47: 0.81969625 | F47: 0.75267043
A48: sub4 | B48: 0.96012344 | C48: 1.0122244 | D48: 1.1049016 | E48: 1.0044277 | F48: 0.98147867
A49: sub5 | B49: 1.1242982 | C49: 1.1444782 | D49: 1.1674856 | E49: 1.0686512 | F49: 1.1756641
A50: sub6 | B50: 1.5091821 | C50: 1.4322057 | D50: 1.4064799 | E50: 1.4522482 | F50: 1.3441284
A51: sub7 | B51: 1.0263998 | C51: 0.85711462 | D51: 0.89183034 | E51: 0.88679544 | F51: 0.90131613
A52: sub8 | B52: 1.2684098 | C52: 1.223309 | D52: 1.0872591 | E52: 1.1734759 | F52: 0.93484792
A53: sub9 | B53: 1.4423221 | C53: 1.1778055 | D53: 1.4068835 | E53: 0.91449588 | F53: 1.2388526
A54: sub10 | B54: 1.4035076 | C54: 1.2059664 | D54: 1.1139028 | E54: 1.1810911 | F54: 1.115084
A55: sub11 | B55: 1.2290003 | C55: 1.2634452 | D55: 1.3314136 | E55: 1.2114902 | F55: 1.1742569
A56: sub12 | B56: 0.58889876 | C56: 0.53124813 | D56: 0.56178775 | E56: 0.53450255 | F56: 0.57267557
A57: sub13 | B57: 1.1318772 | C57: 1.2344353 | D57: 1.2978552 | E57: 1.2182243 | F57: 1.0651188
A58: 180
A59: sub1 | B59: 1.2465091 | C59: 1.043847 | D59: 1.2178223 | E59: 1.3373545 | F59: 1.0329141
A60: sub2 | B60: 0.81751369 | C60: 0.97465005 | D60: 0.94720954 | E60: 1.0173429 | F60: 0.9146868
A61: sub3 | B61: 0.51776189 | C61: 0.56052673 | D61: 0.38209529 | E61: 0.67085718 | F61: 0.78745789
A62: sub4 | B62: 1.0649447 | C62: 1.1753682 | D62: 1.072274 | E62: 1.1693294 | F62: 1.1457202
A63: sub5 | B63: 1.163878 | C63: 1.0351129 | D63: 1.0471407 | E63: 1.164182 | F63: 1.0612204
A64: sub6 | B64: 1.5434701 | C64: 0.83989893 | D64: 1.1297375 | E64: 1.0779084 | F64: 1.1649994
A65: sub7 | B65: 0.80778282 | C65: 0.79734539 | D65: 0.89720629 | E65: 0.73368003 | F65: 0.82411035
A66: sub8 | B66: 1.1342858 | C66: 0.91561649 | D66: 1.267488 | E66: 1.0796524 | F66: 0.90359585
A67: sub9 | B67: 0.10261578 | C67: 0.50599561 | D67: 0.09923515 | E67: 0.46599743 | F67: 0.69053691
A68: sub10 | B68: 1.296715 | C68: 1.1687874 | D68: 1.1608946 | E68: 1.0318078 | F68: 1.4268847
A69: sub11 | B69: 0.8919438 | C69: 1.0068635 | D69: 0.87150013 | E69: 0.77410469 | F69: 1.1827966
A70: sub12 | B70: 0.44416296 | C70: 0.44448554 | D70: 0.40007197 | E70: 0.48694143 | F70: 0.4288009
A71: sub13 | B71: 1.0228307 | C71: 1.2949177 | D71: 1.4025462 | E71: 1.383633 | F71: 1.5130002

Sheet T_Test(Distance_C)
A1: °/m | B1: 0.35 | C1: 0.5 | D1: 0.7 | E1: 1 | F1: 1.5
A2: 0
A3: sub1 | B3: 0.96991278 | C3: 0.99219409 | D3: 0.90315199 | E3: 0.96971629 | F3: 1.000394
A4: sub2 | B4: 0.8565474 | C4: 0.91441773 | D4: 0.8305717 | E4: 0.8255281 | F4: 0.87602886
A5: sub3 | B5: 0.69355316 | C5: 0.5016638 | D5: 0.61441699 | E5: 0.5054452 | F5: 0.28760986
A6: sub4 | B6: 1.0934263 | C6: 0.71307912 | D6: 0.72607165 | E6: 0.50893945 | F6: 0.58812912
A7: sub5 | B7: 1.0694517 | C7: 1.005664 | D7: 0.91795247 | E7: 0.73983294 | F7: 0.65302012
A8: sub6 | B8: 0.46113189 | C8: 0.59530274 | D8: 0.84031848 | E8: 0.46514047 | F8: 0.56154004
A9: sub7 | B9: 0.90428366 | C9: 0.87062686 | D9: 0.78269113 | E9: 0.68117818 | F9: 0.66834777
A10: sub8 | B10: 0.96024317 | C10: 0.43918663 | D10: 0.46464199 | E10: 0.2741895 | F10: 0.61650632
A11: sub9 | D11: 0.10459963 | E11: 0.15861473
A12: sub10 | B12: 1.7202588 | C12: 1.028315 | D12: 1.0322628 | E12: 0.77699307 | F12: 0.8130864
A13: sub11 | B13: 0.8634287 | C13: 0.80442271 | D13: 0.87515743 | E13: 1.0061633 | F13: 0.72362938
A14: sub12 | B14: 0.22966946 | C14: 0.28087681 | D14: 0.3345134 | E14: 0.24063224 | F14: 0.26893173
A15: sub13 | B15: 1.1745042 | C15: 0.83309931 | D15: 0.78829474 | E15: 0.6266992 | F15: 0.65192885
A16: 45
A17: sub1 | B17: 0.94390636 | C17: 0.97171134 | D17: 0.98923059 | E17: 0.93771031 | F17: 0.96466481
A18: sub2 | B18: 0.94683938 | C18: 0.78966458 | D18: 0.85254884 | E18: 0.81206452 | F18: 0.84821846
A19: sub3 | B19: 1.0332973 | C19: 1.3728762 | D19: 1.5691191 | E19: 1.4203774 | F19: 1.3312758
A20: sub4 | B20: 0.79159077 | C20: 0.70537735 | D20: 0.55269368 | E20: 0.59087884 | F20: 0.59200078
A21: sub5 | B21: 0.86698047 | C21: 0.78113356 | D21: 0.80888014 | E21: 0.73115788 | F21: 0.79115481
A22: sub6 | B22: 1.1130855 | C22: 0.98882959 | D22: 0.88118409 | E22: 0.78936622 | F22: 0.8884517
A23: sub7 | B23: 0.97168182 | C23: 0.93830637 | D23: 0.85677276 | E23: 1.0428443 | F23: 0.80819308
A24: sub8 | B24: 0.96367068 | C24: 0.98021511 | D24: 0.64649887 | E24: 0.72736364 | F24: 0.83707852
A25: sub9 | B25: 0.66778874 | C25: 0.85052239 | D25: 0.73251788 | E25: 0.77850725 | F25: 0.5535256
A26: sub10 | B26: 0.83574355 | C26: 1.0428112 | D26: 0.64317884 | E26: 0.77948574 | F26: 0.79454634
A27: sub11 | B27: 1.0339727 | C27: 0.84262335 | D27: 1.0703092 | E27: 1.0971775 | F27: 1.0650695
A28: sub12 | B28: 0.50891561 | C28: 0.50818614 | D28: 0.48544928 | E28: 0.51545015 | F28: 0.4903491
A29: sub13 | B29: 0.79540283 | C29: 0.66348391 | D29: 0.72322481 | E29: 0.98903919 | F29: 0.71686876
A30: 90
A31: sub1 | B31: 1.0016108 | C31: 0.95177276 | D31: 0.9636293 | E31: 0.97254099 | F31: 0.97591498
A32: sub2 | B32: 0.68150531 | C32: 0.72279273 | D32: 0.84761768 | E32: 0.8529637 | F32: 0.83788628
A33: sub3 | B33: 1.0969047 | C33: 1.1406151 | D33: 1.0217313 | E33: 1.0178419 | F33: 1.11577
A34: sub4 | B34: 0.53342043 | C34: 0.48176152 | D34: 0.55822824 | E34: 0.58067389 | F34: 0.54557544
A35: sub5 | B35: 0.83689693 | C35: 0.93108608 | D35: 0.8877015 | E35: 0.9514726 | F35: 1.0757198
A36: sub6 | B36: 1.0897112 | C36: 0.99789191 | D36: 1.1220239 | E36: 0.9834531 | F36: 1.216823
A37: sub7 | B37: 0.71789924 | C37: 0.66514174 | D37: 0.69052366 | E37: 0.77504535 | F37: 0.82354769
A38: sub8 | B38: 0.98844236 | C38: 0.77466914 | D38: 0.85872116 | E38: 1.0085891 | F38: 1.2212653
A39: sub9 | B39: 0.32607238 | C39: 0.52209361 | D39: 0.55594134 | E39: 0.44571459 | F39: 0.51623633
A40: sub10 | B40: 0.82359349 | C40: 0.69502752 | D40: 0.70397138 | E40: 0.8850327 | F40: 0.90699273
A41: sub11 | B41: 0.84284587 | C41: 1.0643993 | D41: 1.0941161 | E41: 1.1479783 | F41: 1.1694576
A42: sub12 | B42: 0.5355024 | C42: 0.53622165 | D42: 0.49264017 | E42: 0.52786664 | F42: 0.5111915
A43: sub13 | B43: 0.59515733 | C43: 0.64731072 | D43: 0.80054786 | E43: 0.69732111 | F43: 0.70550188
A44: 135
A45: sub1 | B45: 1.0980295 | C45: 1.0457038 | D45: 0.95348249 | E45: 1.0718331 | F45: 1.3448364
A46: sub2 | B46: 1.0428892 | C46: 1.0548624 | D46: 1.0029364 | E46: 1.0413246 | F46: 0.96296162
A47: sub3 | B47: 1.0471243 | C47: 0.82985008 | D47: 1.0516642 | E47: 0.85774687 | F47: 0.80207723
A48: sub4 | B48: 1.0317754 | C48: 0.79032565 | D48: 0.75448077 | E48: 0.84648657 | F48: 0.7679058
A49: sub5 | B49: 1.3630531 | C49: 1.0975381 | D49: 1.171736 | E49: 1.1088488 | F49: 1.080689
A50: sub6 | B50: 1.3802025 | C50: 1.6312495 | D50: 1.5870314 | E50: 1.5627748 | F50: 1.391376
A51: sub7 | B51: 1.0031539 | C51: 1.0882961 | D51: 1.0833341 | E51: 0.94436161 | F51: 0.9832358
A52: sub8 | B52: 1.3076449 | C52: 1.1517732 | D52: 1.1739009 | E52: 1.0427364 | F52: 1.1790644
A53: sub9 | B53: 1.4476966 | C53: 1.0257342 | D53: 0.76017402 | E53: 0.83703169 | F53: 0.668829
A54: sub10 | B54: 1.5671108 | C54: 1.7047439 | D54: 1.2474282 | E54: 1.4556083 | F54: 1.2938614
A55: sub11 | B55: 1.3165506 | C55: 1.2487138 | D55: 1.2225129 | E55: 1.2708209 | F55: 1.3127344
A56: sub12 | B56: 0.74096451 | C56: 0.663388 | D56: 0.69192999 | E56: 0.60442681 | F56: 0.65933209
A57: sub13 | B57: 1.4186746 | C57: 1.194017 | D57: 1.2796021 | E57: 1.279698 | F57: 1.333858
A58: 180
A59: sub1 | B59: 1.0747192 | C59: 1.1435536 | D59: 1.1171985 | E59: 1.0095937 | F59: 1.1545421
A60: sub2 | B60: 1.0677128 | C60: 1.1057738 | D60: 1.0638935 | E60: 0.97577058 | F60: 1.1373946
A61: sub3 | B61: 1.0132433 | C61: 0.90224383 | D61: 0.69597239 | E61: 0.55766565 | F61: 1.0150457
A62: sub4 | B62: 1.1072231 | C62: 1.0419961 | D62: 0.94574336 | E62: 0.75444016 | F62: 0.84900706
A63: sub5 | B63: 1.1752923 | C63: 1.2475674 | D63: 1.2578973 | E63: 1.0367243 | F63: 0.97645806
A64: sub6 | B64: 1.3284938 | C64: 1.1058002 | D64: 1.3712342 | E64: 1.2381211 | F64: 1.1928731
A65: sub7 | B65: 0.95021879 | C65: 0.89111175 | D65: 0.95837818 | E65: 0.72616333 | F65: 0.88090045
A66: sub8 | B66: 1.180632 | C66: 1.1201264 | D66: 1.0956015 | E66: 1.0600616 | F66: 1.1487481
A67: sub9 | C67: 0.073929685 | D67: 0.085960427
A68: sub10 | B68: 1.8295786 | C68: 1.1994242 | D68: 1.5534826 | E68: 1.1858443 | F68: 1.3581218
A69: sub11 | B69: 1.1312879 | C69: 1.0558422 | D69: 0.86474703 | E69: 1.1212839 | F69: 1.2335001
A70: sub12 | B70: 0.23760966 | C70: 0.37875378 | D70: 0.23682717 | E70: 0.26405963 | F70: 0.14234726
A71: sub13 | B71: 1.1943352 | C71: 1.0462257 | D71: 1.4636325 | E71: 1.0030959 | F71: 1.4309096

Sheet T_Test(Distance_D)
A1: °/m | B1: 0.35 | C1: 0.5 | D1: 0.7 | E1: 1 | F1: 1.5
A2: 0
A3: sub1 | B3: 0.73018517 | C3: 0.70760527 | D3: 0.82489363 | E3: 0.58216237 | F3: 0.84440194
A4: sub2 | B4: 1.0553646 | C4: 0.96427092 | D4: 0.75072144 | E4: 0.98663938 | F4: 0.65943103
A5: sub3 | B5: 0.44480638 | C5: 0.58526916 | D5: 0.43492218 | E5: 0.67673581 | F5: 0.56111321
A6: sub4 | B6: 0.68714289 | C6: 0.75849903 | D6: 0.66382617 | E6: 0.68019258 | F6: 0.44948495
A7: sub5 | B7: 1.2210889 | C7: 1.1824409 | D7: 1.0208678 | E7: 0.78732169 | F7: 0.65663204
A8: sub6 | B8: 0.64931854 | C8: 0.70112167 | D8: 0.57959856 | E8: 0.52271446 | F8: 0.67440884
A9: sub7 | B9: 0.70798375 | C9: 0.60059216 | D9: 0.69321604 | E9: 0.63482422 | F9: 0.56518174
A10: sub8 | B10: 0.6020252 | C10: 0.55461586 | D10: 0.53583236 | E10: 0.74640444 | F10: 0.78288491
A11: sub9 | B11: 0.31188272 | C11: 0.23998782 | F11: 0.083489249
A12: sub10 | B12: 0.74592407 | C12: 0.64010037 | D12: 0.66992743 | E12: 0.67733018 | F12: 0.7678763
A13: sub11 | B13: 0.74510353 | C13: 0.71593577 | D13: 0.60543574 | E13: 0.87171543 | F13: 0.72770943
A14: sub12 | B14: 0.39442484 | C14: 0.22516909 | D14: 0.21759674 | E14: 0.21867221 | F14: 0.25481535
A15: sub13 | B15: 1.0462726 | C15: 0.89382828 | D15: 0.99972336 | E15: 0.87422997 | F15: 0.74144899
A16: 45
A17: sub1 | B17: 0.66681189 | C17: 1.2548942 | D17: 0.69247497 | E17: 0.75144014 | F17: 0.70720317
A18: sub2 | B18: 0.72296138 | C18: 0.80536703 | D18: 0.9074398 | E18: 0.9526027 | F18: 0.81737099
A19: sub3 | B19: 1.8065687 | C19: 1.7186888 | D19: 1.5734578 | E19: 1.5024784 | F19: 1.363792
A20: sub4 | B20: 0.57221936 | C20: 0.67569924 | D20: 0.6184569 | E20: 0.51118496 | F20: 0.46627404
A21: sub5 | B21: 0.81230118 | C21: 0.82156733 | D21: 0.88560324 | E21: 0.89638001 | F21: 0.94038276
A22: sub6 | B22: 1.0451957 | C22: 0.93486498 | D22: 0.86210871 | E22: 0.97976405 | F22: 0.92597323
A23: sub7 | B23: 0.68927569 | C23: 0.76832458 | D23: 0.78562945 | E23: 0.76378374 | F23: 0.81565353
A24: sub8 | B24: 0.57717246 | C24: 0.58339852 | D24: 0.67367476 | E24: 0.92515268 | F24: 0.5673475
A25: sub9 | B25: 1.2372936 | C25: 1.1238115 | D25: 1.369088 | E25: 1.24504 | F25: 1.0867961
A26: sub10 | B26: 0.66118381 | C26: 0.84307575 | D26: 0.78740074 | E26: 0.86474174 | F26: 0.86164021
A27: sub11 | B27: 1.1477732 | C27: 1.0605384 | D27: 1.2015671 | E27: 1.0180324 | F27: 1.144655
A28: sub12 | B28: 0.42881347 | C28: 0.43879599 | D28: 0.45061591 | E28: 0.43161862 | F28: 0.47575664
A29: sub13 | B29: 0.83854071 | C29: 0.70192507 | D29: 0.99957438 | E29: 0.91581242 | F29: 1.0006881
A30: 90
A31: sub1 | B31: 0.77563819 | C31: 0.79418223 | D31: 0.99829997 | E31: 0.70931623 | F31: 0.73167115
A32: sub2 | B32: 0.5649501 | C32: 0.87981723 | D32: 0.86326699 | E32: 1.1757892 | F32: 1.0111929
A33: sub3 | B33: 1.1592332 | C33: 1.3827972 | D33: 1.1986024 | E33: 1.2531586 | F33: 1.3028359
A34: sub4 | B34: 0.50762305 | C34: 0.41827724 | D34: 0.775315 | E34: 0.6411809 | F34: 0.64371306
A35: sub5 | B35: 0.61729112 | C35: 0.77675717 | D35: 0.82969779 | E35: 1.0223772 | F35: 0.9226132
A36: sub6 | B36: 1.0383254 | C36: 1.0171794 | D36: 1.1367622 | E36: 1.0855031 | F36: 1.1197669
A37: sub7 | B37: 0.69360022 | C37: 0.71505595 | D37: 0.79367665 | E37: 0.70837363 | F37: 0.85129793
A38: sub8 | B38: 1.1318785 | C38: 0.59282321 | D38: 1.0078227 | E38: 1.049294 | F38: 1.0226738
A39: sub9 | B39: 0.73463151 | C39: 0.94056617 | D39: 1.1902338 | E39: 0.90152802 | F39: 1.0144362
A40: sub10 | B40: 0.83289724 | C40: 1.1257781 | D40: 1.1265407 | E40: 0.8269299 | F40: 0.8984181
A41: sub11 | B41: 0.9020489 | C41: 1.2035119 | D41: 1.0783889 | E41: 1.1962027 | F41: 1.1085614
A42: sub12 | B42: 0.40555692 | C42: 0.43723333 | D42: 0.50338806 | E42: 0.4838047 | F42: 0.5351021
A43: sub13 | B43: 0.63014102 | C43: 0.80748947 | D43: 0.79299727 | E43: 0.94717715 | F43: 0.96365587
A44: 135
A45: sub1 | B45: 0.98604278 | C45: 1.0983806 | D45: 0.93014013 | E45: 1.0547086 | F45: 0.92205099
A46: sub2 | B46: 1.0877988 | C46: 1.1611559 | D46: 1.1904171 | E46: 1.1998567 | F46: 0.97472812
A47: sub3 | B47: 1.0753233 | C47: 0.81416674 | D47: 0.84607131 | E47: 0.96459607 | F47: 1.0420657
A48: sub4 | B48: 0.82091198 | C48: 0.75300477 | D48: 0.83684497 | E48: 0.78665943 | F48: 0.80664048
A49: sub5 | B49: 1.3192642 | C49: 1.3759302 | D49: 1.2285258 | E49: 1.2534895 | F49: 1.2099704
A50: sub6 | B50: 1.4552003 | C50: 1.4749652 | D50: 1.4950204 | E50: 1.0971693 | F50: 1.3692678
A51: sub7 | B51: 0.97768027 | C51: 0.88161116 | D51: 0.91612899 | E51: 0.92999409 | F51: 0.8662589
A52: sub8 | B52: 1.1035026 | C52: 0.82253946 | D52: 0.95246734 | E52: 0.9126241 | F52: 0.87846636
A53: sub9 | B53: 1.0791128 | C53: 1.2460639 | D53: 1.3523231 | E53: 1.2753595 | F53: 1.0418961
A54: sub10 | B54: 0.97558627 | C54: 1.3172546 | D54: 1.3238045 | E54: 1.3365743 | F54: 1.1980653
A55: sub11 | B55: 1.3202888 | C55: 1.1887318 | D55: 1.2305751 | E55: 1.2023686 | F55: 1.0893432
A56: sub12 | B56: 0.56804606 | C56: 0.51925173 | D56: 0.57343277 | E56: 0.54628908 | F56: 0.48615295
A57: sub13 | B57: 1.453483 | C57: 1.201967 | D57: 1.0595361 | E57: 1.1157712 | F57: 1.2606189
A58: 180
A59: sub1 | B59: 1.1615626 | C59: 1.2288086 | D59: 1.0326305 | E59: 1.0759564 | F59: 0.90944204
A60: sub2 | B60: 1.0294037 | C60: 1.0221387 | D60: 0.98439188 | E60: 0.9429819 | F60: 0.99834632
A61: sub3 | B61: 0.8081813 | C61: 0.56779001 | D61: 0.79642781 | E61: 0.49190842 | F61: 0.51978084
A62: sub4 | B62: 1.028804 | C62: 0.90568457 | D62: 0.93675745 | E62: 0.95742778 | F62: 0.86906052
A63: sub5 | B63: 1.540269 | C63: 1.4121097 | D63: 1.349385 | E63: 1.204059 | F63: 1.3104702
A64: sub6 | B64: 1.4964855 | C64: 1.4534197 | D64: 1.1487254 | E64: 1.303724 | F64: 1.3422864
A65: sub7 | B65: 0.84301529 | C65: 0.71225843 | D65: 0.70602408 | E65: 0.8308484 | F65: 0.78187185
A66: sub8 | B66: 1.0754463 | C66: 1.0858366 | D66: 0.918721 | E66: 0.98676452 | F66: 1.0678228
A67: sub9 | B67: 0.078468801 | C67: 0.3043789 | D67: 0.085586574 | E67: 0.090990179 | F67: 0.21362351
A68: sub10 | B68: 1.0591486 | C68: 1.4354289 | D68: 1.1994417 | E68: 1.2322174 | F68: 1.1365507
A69: sub11 | B69: 0.82271149 | C69: 1.0653869 | D69: 0.97058942 | E69: 0.97409074 | F69: 0.91540597
A70: sub12 | B70: 0.49886624 | C70: 0.33321115 | D70: 0.36813378 | E70: 0.37671939 | F70: 0.44769656
A71: sub13 | B71: 1.2685689 | C71: 1.4086735 | D71: 1.4362205 | E71: 1.3158138 | F71: 1.3346672

Sheet T_Test(Distance_E)
A1: °/m | B1: 0.35 | C1: 0.5 | D1: 0.7 | E1: 1 | F1: 1.5
A2: 0
A3: sub1 | B3: 0.62279949 | C3: 0.77377835 | D3: 0.74239311 | E3: 0.58581911 | F3: 0.69177371
A4: sub2 | B4: 0.85470923 | C4: 0.74420216 | D4: 0.81411183 | E4: 0.79409856 | F4: 0.70753393
A5: sub3 | B5: 0.59329814 | C5: 0.54135309 | D5: 0.57001024 | E5: 0.8077047 | F5: 0.66419073
A6: sub4 | B6: 0.75085509 | C6: 0.73119363 | D6: 0.54776305 | E6: 0.60820168 | F6: 0.65205989
A7: sub5 | B7: 0.71648992 | C7: 0.75528976 | D7: 0.65648847 | E7: 0.72423661 | F7: 0.68656159
A8: sub6 | B8: 0.60972996 | C8: 0.6656703 | D8: 0.77417132 | E8: 0.65884633 | F8: 0.54607741
A9: sub7 | B9: 0.72184513 | C9: 0.66821523 | D9: 0.6631361 | E9: 0.68704348 | F9: 0.70784694
A10: sub8 | B10: 0.48429082 | C10: 0.50218455 | D10: 0.52424642 | E10: 0.53450684 | F10: 0.51838938
A11: sub9 | B11: 0.068064275 | C11: 0.23375043 | D11: 0.08602528 | E11: 0.20693339
A12: sub10 | B12: 0.68377933 | C12: 0.70625659 | D12: 0.72165963 | E12: 0.65803242 | F12: 0.68971107
A13: sub11 | B13: 0.86460256 | C13: 0.70825397 | D13: 0.46899327 | E13: 0.46721377 | F13: 0.54887321
A14: sub12 | B14: 0.29443105 | C14: 0.23667862 | D14: 0.17599339 | E14: 0.26726251 | F14: 0.20916004
A15: sub13 | B15: 0.93606171 | C15: 0.81486773 | D15: 0.89252015 | E15: 0.7510445 | F15: 0.6398751
A16: 45
A17: sub1 | B17: 0.62904971 | C17: 0.77709253 | D17: 0.76104318 | E17: 0.80375416 | F17: 0.87880804
A18: sub2 | B18: 0.70049574 | C18: 1.011244 | D18: 0.87120763 | E18: 0.8363936 | F18: 0.99402837
A19: sub3 | B19: 1.8512419 | C19: 1.174171 | D19: 1.4404047 | E19: 1.4603781 | F19: 1.4955545
A20: sub4 | B20: 0.49663087 | C20: 0.69422873 | D20: 0.5091661 | E20: 0.6697081 | F20: 0.53864723
A21: sub5 | B21: 0.6676344 | C21: 0.65988283 | D21: 0.8007752 | E21: 0.82051747 | F21: 0.84379488
A22: sub6 | B22: 0.83694639 | C22: 0.88934204 | D22: 0.88412617 | E22: 0.91839485 | F22: 0.88037565
A23: sub7 | B23: 0.78266141 | C23: 0.78946661 | D23: 0.79666782 | E23: 0.81488372 | F23: 0.86654099
A24: sub8 | B24: 0.67032524 | C24: 0.79649104 | D24: 0.73256449 | E24: 0.74216163 | F24: 0.68675699
A25: sub9 | B25: 1.0804937 | C25: 1.1951092 | D25: 1.2447925 | E25: 0.96806702 | F25: 0.79441439
A26: sub10 | B26: 0.72556478 | C26: 0.86513258 | D26: 0.943587 | E26: 0.72276592 | F26: 0.83949909
A27: sub11 | B27: 1.1468801 | C27: 1.030361 | D27: 1.1898429 | E27: 1.2479184 | F27: 1.1128595
A28: sub12 | B28: 0.37595712 | C28: 0.44992179 | D28: 0.4676622 | E28: 0.46520852 | F28: 0.49419682
A29: sub13 | B29: 0.72126577 | C29: 0.78812467 | D29: 0.72717412 | E29: 0.67747723 | F29: 0.80686818
A30: 90
A31: sub1 | B31: 0.91265653 | C31: 1.1707785 | D31: 0.82931875 | E31: 0.93162926 | F31: 0.98536049
A32: sub2 | B32: 0.66765964 | C32: 0.78245146 | D32: 1.0129807 | E32: 0.99762865 | F32: 0.91087881
A33: sub3 | B33: 1.4573145 | C33: 1.0788658 | D33: 1.1490499 | E33: 1.3536943 | F33: 1.2968523
A34: sub4 | B34: 0.47159196 | C34: 0.55835308 | D34: 0.72721916 | E34: 0.71933804 | F34: 0.72297054
A35: sub5 | B35: 0.75724238 | C35: 0.8911669 | D35: 0.93230671 | E35: 0.95159511 | F35: 1.0041926
A36: sub6 | B36: 1.0110834 | C36: 1.0646504 | D36: 0.95025256 | E36: 1.0921538 | F36: 1.0784736
A37: sub7 | B37: 0.73603036 | C37: 0.8619611 | D37: 0.75328537 | E37: 0.82434309 | F37: 0.83216136
A38: sub8 | B38: 0.71233355 | C38: 0.9647909 | D38: 0.73069417 | E38: 0.89074989 | F38: 1.0231518
A39: sub9 | B39: 0.74193667 | C39: 0.75754036 | D39: 0.87803104 | E39: 0.84852303 | F39: 0.93863576
A40: sub10 | B40: 0.92760936 | C40: 0.98355887 | D40: 1.0767409 | E40: 0.89060414 | F40: 0.90710634
A41: sub11 | B41: 1.0708007 | C41: 1.1033432 | D41: 1.1011547 | E41: 1.2161587 | F41: 1.1839574
A42: sub12 | B42: 0.43453678 | C42: 0.47620124 | D42: 0.49283147 | E42: 0.50325213 | F42: 0.45138315
A43: sub13 | B43: 0.52714038 | C43: 0.72313322 | D43: 0.72240749 | E43: 0.91703201 | F43: 0.78658468
A44: 135
A45: sub1 | B45: 1.5435984 | C45: 1.3373824 | D45: 1.2258141 | E45: 1.1604622 | F45: 1.1004691
A46: sub2 | B46: 1.0388899 | C46: 1.1291609 | D46: 1.1736271 | E46: 1.1229699 | F46: 1.0593977
A47: sub3 | B47: 0.92046271 | C47: 0.96204639 | D47: 0.79302615 | E47: 0.78519318 | F47: 0.67942588
A48: sub4 | B48: 1.0717441 | C48: 0.91719991 | D48: 1.0317966 | E48: 0.98516264 | F48: 1.0100882
A49: sub5 | B49: 1.3125045 | C49: 1.176433 | D49: 1.0869707 | E49: 1.1386753 | F49: 1.1656954
A50: sub6 | B50: 1.4939302 | C50: 1.4513499 | D50: 1.1520388 | E50: 1.4375259 | F50: 1.3117311
A51: sub7 | B51: 0.93619722 | C51: 0.94017601 | D51: 0.939284 | E51: 0.92965296 | F51: 0.9332236
A52: sub8 | B52: 1.1756335 | C52: 1.0824645 | D52: 1.2402721 | E52: 1.0118899 | F52: 1.0272624
A53: sub9 | B53: 1.0762778 | C53: 1.086524 | D53: 1.0831357 | E53: 0.87934571 | F53: 1.2098127
A54: sub10 | B54: 1.2781296 | C54: 1.0301602 | D54: 1.217846 | E54: 1.2585069 | F54: 1.4587659
A55: sub11 | B55: 1.3163065 | C55: 1.3989535 | D55: 1.2876406 | E55: 1.2709003 | F55: 1.2844044
A56: sub12 | B56: 0.5906911 | C56: 0.60343603 | D56: 0.51080323 | E56: 0.57416647 | F56: 0.51000137
A57: sub13 | B57: 1.3674206 | C57: 1.4332325 | D57: 1.3283694 | E57: 1.3338569 | F57: 1.2857165
A58: 180
A59: sub1 | B59: 0.91640588 | C59: 1.1345384 | D59: 1.1141681 | E59: 1.4294449 | F59: 1.0865777
A60: sub2 | B60: 1.266567 | C60: 1.1402271 | D60: 1.1347523 | E60: 1.0454978 | F60: 1.0513609
A61: sub3 | B61: 0.56838316 | C61: 0.52441655 | D61: 0.56390127 | E61: 0.56178026 | F61: 0.63577705
A62: sub4 | B62: 1.0394161 | C62: 1.1409427 | D62: 1.0575024 | E62: 1.015959 | F62: 0.93932808
A63: sub5 | B63: 1.1444022 | C63: 1.1099428 | D63: 1.0634572 | E63: 1.122095 | F63: 0.94202648
A64: sub6 | B64: 1.1241805 | C64: 1.3399178 | D64: 1.0814474 | E64: 1.21316 | F64: 1.1450568
A65: sub7 | B65: 0.90578871 | C65: 0.79737336 | D65: 0.74323247 | E65: 0.76640929 | F65: 0.7060055
A66: sub8 | B66: 1.1272688 | C66: 0.92170103 | D66: 0.94644222 | E66: 1.0938426 | F66: 1.1300113
A67: sub9 | D67: 0.28572343 | E67: 0.26831126 | F67: 0.33166638
A68: sub10 | B68: 1.2756716 | C68: 1.2331709 | D68: 1.2811925 | E68: 1.3115099 | F68: 1.2468746
A69: sub11 | B69: 1.0396215 | C69: 0.83545432 | D69: 1.1447693 | E69: 1.0370371 | F69: 0.83729903
A70: sub12 | B70: 0.48639123 | C70: 0.45925319 | D70: 0.39544849 | E70: 0.52654594 | F70: 0.52740332
A71: sub13 | B71: 1.5523789 | C71: 1.0797437 | D71: 1.5042577 | E71: 1.5281535 | F71: 1.3680394

Sheet T_Test(Distance_F)
A1: °/m | B1: 0.35 | C1: 0.5 | D1: 0.7 | E1: 1 | F1: 1.5
A2: 0
A3: sub1 | B3: 1.0920457 | C3: 0.97490993 | D3: 1.0057243 | E3: 0.64542937 | F3: 0.66757036
A4: sub2 | B4: 1.0053496 | C4: 1.0953315 | D4: 0.90651842 | E4: 0.84164838 | F4: 0.83256948
A5: sub3 | B5: 1.1696595 | C5: 0.67457618 | D5: 0.48831457 | E5: 0.4919696 | F5: 0.36717675
A6: sub4 | B6: 1.1321431 | C6: 0.97295683 | D6: 0.73566532 | E6: 0.78356336 | F6: 0.67611161
A7: sub5 | B7: 1.2455344 | C7: 1.0350101 | D7: 0.90950493 | E7: 0.59357398 | F7: 0.60700456
A8: sub6 | B8: 0.67599684 | C8: 0.61908926 | D8: 0.70975242 | E8: 0.67254677 | F8: 0.5601809
A9: sub7 | B9: 0.91531743 | C9: 0.84930598 | D9: 0.70573303 | E9: 0.56224569 | F9: 0.54985671
A10: sub8 | B10: 0.80774122 | C10: 0.69921359 | D10: 0.42380317 | E10: 0.36130837 | F10: 0.63906381
A11: sub9 | B11: 0.27491236 | C11: 0.11175477 | E11: 0.10229018 | F11: 0.14609392
A12: sub10 | B12: 1.4233251 | C12: 0.79131327 | D12: 0.94542985 | E12: 0.71742229 | F12: 0.81285414
A13: sub11 | B13: 1.0351239 | C13: 0.79859456 | D13: 0.95091196 | E13: 0.79378514 | F13: 0.70176592
A14: sub12 | B14: 0.57463686 | C14: 0.46618677 | D14: 0.34643233 | E14: 0.4284138 | F14: 0.47861644
A15: sub13 | B15: 1.6099638 | C15: 1.1279576 | D15: 0.84555657 | E15: 0.87934006 | F15: 0.93353505
A16: 45
A17: sub1 | B17: 0.89082268 | C17: 0.54699098 | D17: 0.64654443 | E17: 0.82511497 | F17: 0.8890062
A18: sub2 | B18: 0.94124853 | C18: 0.87545219 | D18: 1.0495305 | E18: 0.9535532 | F18: 1.02079
A19: sub3 | B19: 1.4588544 | C19: 1.4248229 | D19: 1.5881263 | E19: 1.4478581 | F19: 1.3342399
A20: sub4 | B20: 0.81140851 | C20: 0.69014089 | D20: 0.75778503 | E20: 0.64755068 | F20: 0.65406652
A21: sub5 | B21: 0.99994553 | C21: 0.92908436 | D21: 1.1974419 | E21: 0.95307907 | F21: 1.1417873
A22: sub6 | B22: 0.92629102 | C22: 0.91283809 | D22: 1.0022343 | E22: 0.9865961 | F22: 0.85700444
A23: sub7 | B23: 0.83967812 | C23: 0.98325943 | D23: 0.85335881 | E23: 0.69330105 | F23: 0.77102287
A24: sub8 | B24: 0.99697285 | C24: 0.63183178 | D24: 0.5517733 | E24: 0.61686897 | F24: 0.7162577
A25: sub9 | B25: 1.2942272 | C25: 1.2940559 | D25: 1.172824 | E25: 1.1919064 | F25: 1.0395527
A26: sub10 | B26: 0.89126182 | C26: 0.98398471 | D26: 1.1304054 | E26: 0.99043196 | F26: 1.0540007
A27: sub11 | B27: 1.1183888 | C27: 1.1181213 | D27: 0.9480577 | E27: 1.1904914 | F27: 1.055405
A28: sub12 | B28: 0.5181285 | C28: 0.47481628 | D28: 0.50120349 | E28: 0.50146461 | F28: 0.49828851
A29: sub13 | B29: 0.89169772 | C29: 0.81438399 | D29: 0.99783285 | E29: 0.93610639 | F29: 1.1007048
A30: 90
A31: sub1 | B31: 0.73110254 | C31: 1.0824905 | D31: 0.79511415 | E31: 0.98762414 | F31: 0.95538563
A32: sub2 | B32: 0.82783471 | C32: 0.86670415 | D32: 0.88973991 | E32: 0.93025966 | F32: 0.90112797
A33: sub3 | B33: 1.1990222 | C33: 1.2915872 | D33: 1.2318042 | E33: 1.4847393 | F33: 1.1184826
A34: sub4 | B34: 0.49572941 | C34: 0.791681 | D34: 0.7292824 | E34: 0.93200762 | F34: 0.76328546
A35: sub5 | B35: 0.81777249 | C35: 0.95488352 | D35: 0.93039069 | E35: 1.1429549 | F35: 1.322184
A36: sub6 | B36: 1.166631 | C36: 0.96559656 | D36: 1.1279045 | E36: 0.99051418 | F36: 1.0287272
A37: sub7 | B37: 0.51190059 | C37: 0.71241352 | D37: 0.78735015 | E37: 0.74462402 | F37: 0.5806445
A38: sub8 | B38: 0.56371042 | C38: 0.58518164 | D38: 0.69920719 | E38: 0.66645684 | F38: 0.64569503
A39: sub9 | B39: 0.69244503 | C39: 0.84530655 | D39: 0.61384531 | E39: 0.69871376 | F39: 0.88947941
A40: sub10 | B40: 0.76165668 | C40: 1.1016034 | D40: 1.0404634 | E40: 1.1729795 | F40: 1.207475
A41: sub11 | B41: 0.93224566 | C41: 1.0440285 | D41: 1.044811 | E41: 1.1892791 | F41: 1.188178
A42: sub12 | B42: 0.47190825 | C42: 0.52061509 | D42: 0.50885323 | E42: 0.51684577 | F42: 0.49126816
A43: sub13 | B43: 0.72821171 | C43: 0.66340013 | D43: 0.78925974 | E43: 0.9476101 | F43: 0.83863773
A44: 135
A45: sub1 | B45: 1.4273024 | C45: 1.3579369 | D45: 1.0998101 | E45: 1.1367901 | F45: 1.061715
A46: sub2 | B46: 1.0852549 | C46: 1.1942697 | D46: 1.1021472 | E46: 1.042564 | F46: 1.1258701
A47: sub3 | B47: 1.1179509 | C47: 1.1294442 | D47: 1.1720735 | E47: 0.99686647 | F47: 0.86215092
A48: sub4 | B48: 1.0283863 | C48: 1.0146951 | D48: 1.1075652 | E48: 0.81968445 | F48: 0.92925253
A49: sub5 | B49: 1.4986857 | C49: 1.5909867 | D49: 1.4056872 | E49: 1.4571755 | F49: 1.4070123
A50: sub6 | B50: 1.4476095 | C50: 1.3529475 | D50: 1.3941127 | E50: 1.130572 | F50: 1.2575635
A51: sub7 | B51: 0.9083159 | C51: 1.0763246 | D51: 0.95402117 | E51: 0.95034726 | F51: 0.87332394
A52: sub8 | B52: 1.195126 | C52: 1.0306991 | D52: 1.0655423 | E52: 1.0369879 | F52: 0.99189316
A53: sub9 | B53: 1.8081468 | C53: 1.266808 | D53: 1.123164 | E53: 1.1767323 | F53: 1.1278199
A54: sub10 | B54: 1.5066365 | C54: 1.5086821 | D54: 1.2484875 | E54: 1.3166561 | F54: 1.3523842
A55: sub11 | B55: 1.2868796 | C55: 1.3954283 | D55: 1.3463261 | E55: 1.5375171 | F55: 1.3039361
A56: sub12 | B56: 0.69779596 | C56: 0.55664691 | D56: 0.52615807 | E56: 0.53627265 | F56: 0.53482632
A57: sub13 | B57: 1.6436358 | C57: 1.4204916 | D57: 1.1621012 | E57: 1.2126431 | F57: 1.0750974
A58: 180
A59: sub1 | B59: 1.0600286 | C59: 1.2719254 | D59: 1.0540167 | E59: 1.123649 | F59: 1.3772852
A60: sub2 | B60: 1.2973394 | C60: 0.94077611 | D60: 1.0763304 | E60: 1.117913 | F60: 1.1840732
A61: sub3 | B61: 0.82674311 | C61: 0.57616996 | D61: 0.84220801 | E61: 0.58164253 | F61: 0.71653476
A62: sub4 | B62: 1.1209834 | C62: 1.04697 | D62: 1.0740286 | E62: 1.0082077 | F62: 1.0177114
A63: sub5 | B63: 1.493925 | C63: 1.3491726 | D63: 1.2961204 | E63: 1.3749878 | F63: 1.4832019
A64: sub6 | B64: 1.2099671 | C64: 1.2942121 | D64: 1.0427118 | E64: 1.2312464 | F64: 1.2494469
A65: sub7 | B65: 0.75025406 | C65: 0.90074557 | D65: 0.98249233 | E65: 0.786046 | F65: 0.96119128
A66: sub8 | B66: 1.4189774 | C66: 1.1281182 | D66: 1.2831873 | E66: 1.0805919 | F66: 1.241708
A67: sub9 | B67: 0.31956308 | C67: 0.098690659 | F67: 0.29944784
A68: sub10 | B68: 1.4295904 | C68: 1.261595 | D68: 1.4872351 | E68: 1.3483298 | F68: 1.3839862
A69: sub11 | B69: 1.3421976 | C69: 0.96161598 | D69: 1.1363328 | E69: 1.0042568 | F69: 1.4920391
A70: sub12 | B70: 0.59580732 | C70: 0.44423856 | D70: 0.45591511 | E70: 0.45253852 | F70: 0.50926279
A71: sub13 | B71: 1.418111 | C71: 1.3577953 | D71: 1.2759853 | E71: 1.208882 | F71: 1.3978625

Sheet Analysis_Data(Distance)
A1: 被験者 | B1: 角度 | C1: 条件 | D1: 目標距離 | E1: 回答距離
A2: sub1 | B2: 0 | C2: A | D2: 0.35 | E2: {=IFERROR(INDEX(INDIRECT("'T_Test(Distance_" & TRIM($C2) & ")'!$A:$Z"), MATCH($B2, INDIRECT("'T_Test(Distance_" & TRIM($C2) & ")'!$A:$A"), 0) + SUBSTITUTE($A2,"sub",""), MATCH($D2, INDIRECT("'T_Test(Distance_" & TRIM($C2) & ")'!$1:$1"), 0)), "")} -> 0.9238966
A3: sub2 | B3: 0 | C3: A | D3: 0.35 | E3: {=IFERROR(INDEX(INDIRECT("'T_Test(Distance_" & TRIM($C3) & ")'!$A:$Z"), MATCH($B3, INDIRECT("'T_Test(Distance_" & TRIM($C3) & ")'!$A:$A"), 0) + SUBSTITUTE($A3,"sub",""), MATCH($D3, INDIRECT("'T_Test(Distance_" & TRIM($C3) & ")'!$1:$1"), 0)), "")} -> 0.92557247
A4: sub3 | B4: 0 | C4: A | D4: 0.35 | E4: {=IFERROR(INDEX(INDIRECT("'T_Test(Distance_" & TRIM($C4) & ")'!$A:$Z"), MATCH($B4, INDIRECT("'T_Test(Distance_" & TRIM($C4) & ")'!$A:$A"), 0) + SUBSTITUTE($A4,"sub",""), MATCH($D4, INDIRECT("'T_Test(Distance_" & TRIM($C4) & ")'!$1:$1"), 0)), "")} -> 0.61915795
A5: sub4 | B5: 0 | C5: A | D5: 0.35 | E5: {=IFERROR(INDEX(INDIRECT("'T_Test(Distance_" & TRIM($C5) & ")'!$A:$Z"), MATCH($B5, INDIRECT("'T_Test(Distance_" & TRIM($C5) & ")'!$A:$A"), 0) + SUBSTITUTE($A5,"sub",""), MATCH($D5, INDIRECT("'T_Test(Distance_" & TRIM($C5) & ")'!$1:$1"), 0)), "")} -> 0.75110693
A6: sub5 | B6: 0 | C6: A | D6: 0.35 | E6: {=IFERROR(INDEX(INDIRECT("'T_Test(Distance_" & TRIM($C6) & ")'!$A:$Z"), MATCH($B6, INDIRECT("'T_Test(Distance_" & TRIM($C6) & ")'!$A:$A"), 0) + SUBSTITUTE($A6,"sub",""), MATCH($D6, INDIRECT("'T_Test(Distance_" & TRIM($C6) & ")'!$1:$1"), 0)), "")} -> 0.81319884
A7: sub6 | B7: 0 | C7: A | D7: 0.35 | E7: {=IFERROR(INDEX(INDIRECT("'T_Test(Distance_" & TRIM($C7) & ")'!$A:$Z"), MATCH($B7, INDIRECT("'T_Test(Distance_" & TRIM($C7) & ")'!$A:$A"), 0) + SUBSTITUTE($A7,"sub",""), MATCH($D7, INDIRECT("'T_Test(Distance_" & TRIM($C7) & ")'!$1:$1"), 0)), "")} -> 0.70794068
A8: sub7 | B8: 0 | C8: A | D8: 0.35 | E8: {=IFERROR(INDEX(INDIRECT("'T_Test(Distance_" & TRIM($C8) & ")'!$A:$Z"), MATCH($B8, INDIRECT("'T_Test(Distance_" & TRIM($C8) & ")'!$A:$A"), 0) + SUBSTITUTE($A8,"sub",""), MATCH($D8, INDIRECT("'T_Test(Distance_" & TRIM($C8) & ")'!$1:$1"), 0)), "")} -> 0.75223176
A9: sub8 | B9: 0 | C9: A | D9: 0.35 | E9: {=IFERROR(INDEX(INDIRECT("'T_Test(Distance_" & TRIM($C9) & ")'!$A:$Z"), MATCH($B9, INDIRECT("'T_Test(Distance_" & TRIM($C9) & ")'!$A:$A"), 0) + SUBSTITUTE($A9,"sub",""), MATCH($D9, INDIRECT("'T_Test(Distance_" & TRIM($C9) & ")'!$1:$1"), 0)), "")} -> 0.4515256
A10: sub9 | B10: 0 | C10: A | D10: 0.35 | E10: {=IFERROR(INDEX(INDIRECT("'T_Test(Distance_" & TRIM($C10) & ")'!$A:$Z"), MATCH($B10, INDIRECT("'T_Test(Distance_" & TRIM($C10) & ")'!$A:$A"), 0) + SUBSTITUTE($A10,"sub",""), MATCH($D10, INDIRECT("'T_Test(Distance_" & TRIM($C10) & ")'!$1:$1"), 0)), "")} -> 0.35223806
A11: sub10 | B11: 0 | C11: A | D11: 0.35 | E11: {=IFERROR(INDEX(INDIRECT("'T_Test(Distance_" & TRIM($C11) & ")'!$A:$Z"), MATCH($B11, INDIRECT("'T_Test(Distance_" & TRIM($C11) & ")'!$A:$A"), 0) + SUBSTITUTE($A11,"sub",""), MATCH($D11, INDIRECT("'T_Test(Distance_" & TRIM($C11) & ")'!$1:$1"), 0)), "")} -> 0.96016097
A12: sub11 | B12: 0 | C12: A | D12: 0.35 | E12: {=IFERROR(INDEX(INDIRECT("'T_Test(Distance_" & TRIM($C12) & ")'!$A:$Z"), MATCH($B12, INDIRECT("'T_Test(Distance_" & TRIM($C12) & ")'!$A:$A"), 0) + SUBSTITUTE($A12,"sub",""), MATCH($D12, INDIRECT("'T_Test(Distance_" & TRIM($C12) & ")'!$1:$1"), 0)), "")} -> 0.94863572
A13: sub12 | B13: 0 | C13: A | D13: 0.35 | E13: {=IFERROR(INDEX(INDIRECT("'T_Test(Distance_" & TRIM($C13) & ")'!$A:$Z"), MATCH($B13, INDIRECT("'T_Test(Distance_" & TRIM($C13) & ")'!$A:$A"), 0) + SUBSTITUTE($A13,"sub",""), MATCH($D13, INDIRECT("'T_Test(Distance_" & TRIM($C13) & ")'!$1:$1"), 0)), "")} -> 0.31442337
... A1951: sub13 | B1951: 180 | C1951: F | D1951: 1.5 | E1951: {=IFERROR(INDEX(INDIRECT("'T_Test(Distance_" & TRIM($C1951) & ")'!$A:$Z"), MATCH($B1951, INDIRECT("'T_Test(Distance_" & TRIM($C1951) & ")'!$A:$A"), 0) + SUBSTITUTE($A1951,"sub",""), MATCH($D1951, INDIRECT("'T_Test(Distance_" & TRIM($C1951) & ")'!$1:$1"), 0)), "")} -> 1.3978625

Sheet T_Test(SD_A)
A1: °/m | B1: 0.35 | C1: 0.5 | D1: 0.7 | E1: 1 | F1: 1.5
A2: 0
A3: sub1 | B3: 0.17872653 | C3: 0.22217682 | D3: 0.22764109 | E3: 0.19412894 | F3: 0.16478317
A4: sub2 | B4: 0.11824584 | C4: 0.1045069 | D4: 0.10405004 | E4: 0.060498556 | F4: 0.11746386
A5: sub3 | B5: 0.32477623 | C5: 0.39810698 | D5: 0.2855992 | E5: 0.32651265 | F5: 0.18575078
A6: sub4 | B6: 0.10962065 | C6: 0.18489949 | D6: 0.10085252 | E6: 0.16000994 | F6: 0.090180624
A7: sub5 | B7: 0.09260001 | C7: 0.15192195 | D7: 0.1599296 | E7: 0.089026151 | F7: 0.092056646
A8: sub6 | B8: 0.28381462 | C8: 0.31432433 | D8: 0.39743059 | E8: 0.23563086 | F8: 0.1500841
A9: sub7 | B9: 0.18934145 | C9: 0.16980091 | D9: 0.073353558 | E9: 0.1276146 | F9: 0.24969615
A10: sub8 | B10: 0.047185345 | C10: 0.066463809 | D10: 0.16321629 | E10: 0.24233834 | F10: 0.1158735
A11: sub9 | B11: 0.18535567 | D11: 0.0045574088 | E11: 0.44442757 | F11: 0.014048563
A12: sub10 | B12: 0.11251168 | C12: 0.17743916 | D12: 0.15218915 | E12: 0.15612459 | F12: 0.16062468
A13: sub11 | B13: 0.1524535 | C13: 0.25682925 | D13: 0.20364754 | E13: 0.24896227 | F13: 0.25327446
A14: sub12 | B14: 0.084480833 | C14: 0.10185415 | D14: 0.065988522 | E14: 0.11521157 | F14: 0.089901371
A15: sub13 | B15: 0.1810297 | C15: 0.21394657 | D15: 0.16413838 | E15: 0.25659306 | F15: 0.14304431
A16: 45
A17: sub1 | B17: 0.039340558 | C17: 0.23210332 | D17: 0.11722462 | E17: 0.16148215 | F17: 0.17169232
A18: sub2 | B18: 0.054121768 | C18: 0.069428135 | D18: 0.11501813 | E18: 0.054943224 | F18: 0.044599971
A19: sub3 | B19: 0.3098804 | C19: 0.27308732 | D19: 0.5288201 | E19: 0.14168462 | F19: 0.26107197
A20: sub4 | B20: 0.14379318 | C20: 0.16723906 | D20: 0.17035782 | E20: 0.12914811 | F20: 0.18484458
A21: sub5 | B21: 0.1201436 | C21: 0.14780478 | D21: 0.16664563 | E21: 0.23666898 | F21: 0.19258634
A22: sub6 | B22: 0.35229827 | C22: 0.24422697 | D22: 0.29156032 | E22: 0.38810734 | F22: 0.25144717
A23: sub7 | B23: 0.12673551 | C23: 0.12329835 | D23: 0.088085865 | E23: 0.10614567 | F23: 0.12297421
A24: sub8 | B24: 0.22147364 | C24: 0.321743 | D24: 0.24861209 | E24: 0.25830729 | F24: 0.30582506
A25: sub9 | B25: 0.29225121 | C25: 0.22172845 | D25: 0.31140168 | E25: 0.5010308 | F25: 0.38449247
A26: sub10 | B26: 0.20613696 | C26: 0.20238646 | D26: 0.20714862 | E26: 0.27919217 | F26: 0.079171406
A27: sub11 | B27: 0.20112958 | C27: 0.10497969 | D27: 0.12619111 | E27: 0.14539388 | F27: 0.15984035
A28: sub12 | B28: 0.066065271 | C28: 0.092849955 | D28: 0.028089276 | E28: 0.036722793 | F28: 0.026697505
A29: sub13 | B29: 0.16354083 | C29: 0.20643048 | D29: 0.19619236 | E29: 0.21692833 | F29: 0.11889692
A30: 90
A31: sub1 | B31: 0.19353574 | C31: 0.18183495 | D31: 0.15564967 | E31: 0.3693732 | F31: 0.21997058
A32: sub2 | B32: 0.10026567 | C32: 0.055610567 | D32: 0.018835886 | E32: 0.029369579 | F32: 0.020856896
A33: sub3 | B33: 0.26678425 | C33: 0.14782659 | D33: 0.056355384 | E33: 0.26662614 | F33: 0.27778315
A34: sub4 | B34: 0.1506527 | C34: 0.095310867 | D34: 0.19946714 | E34: 0.16339616 | F34: 0.16124364
A35: sub5 | B35: 0.11986859 | C35: 0.17960301 | D35: 0.13105921 | E35: 0.19914941 | F35: 0.094417049
A36: sub6 | B36: 0.078476361 | C36: 0.081581194 | D36: 0.24975267 | E36: 0.25593489 | F36: 0.19205093
A37: sub7 | B37: 0.17326065 | C37: 0.17981984 | D37: 0.14320056 | E37: 0.10794781 | F37: 0.12029016
A38: sub8 | B38: 0.21052336 | C38: 0.3877419 | D38: 0.15733805 | E38: 0.16872862 | F38: 0.35836014
A39: sub9 | B39: 0.3025621 | C39: 0.17211245 | D39: 0.33769074 | E39: 0.27376451 | F39: 0.26484789
A40: sub10 | B40: 0.22819527 | C40: 0.24335444 | D40: 0.26011569 | E40: 0.26801548 | F40: 0.19835695
A41: sub11 | B41: 0.23723952 | C41: 0.16305612 | D41: 0.17524353 | E41: 0.0925737 | F41: 0.30625444
A42: sub12 | B42: 0.037723571 | C42: 0.070087348 | D42: 0.059317997 | E42: 0.047275714 | F42: 0.062084706
A43: sub13 | B43: 0.12705587 | C43: 0.14320273 | D43: 0.13486772 | E43: 0.13138159 | F43: 0.23515286
A44: 135
A45: sub1 | B45: 0.24147102 | C45: 0.31856279 | D45: 0.17008743 | E45: 0.26229243 | F45: 0.28728872
A46: sub2 | B46: 0.086678841 | C46: 0.098555048 | D46: 0.027088027 | E46: 0.13319813 | F46: 0.046938811
A47: sub3 | B47: 0.18125334 | C47: 0.1357386 | D47: 0.1310416 | E47: 0.16850319 | F47: 0.18053116
A48: sub4 | B48: 0.12041732 | C48: 0.1296826 | D48: 0.16942424 | E48: 0.22896132 | F48: 0.089839128
A49: sub5 | B49: 0.13238292 | C49: 0.17139204 | D49: 0.10432704 | E49: 0.11516218 | F49: 0.22183566
A50: sub6 | B50: 0.26975534 | C50: 0.39565724 | D50: 0.16489513 | E50: 0.29643866 | F50: 0.081658618
A51: sub7 | B51: 0.15062944 | C51: 0.18141779 | D51: 0.19281517 | E51: 0.059026385 | F51: 0.10218494
A52: sub8 | B52: 0.12868848 | C52: 0.19089907 | D52: 0.26335092 | E52: 0.30084745 | F52: 0.40008062
A53: sub9 | B53: 0.35625082 | C53: 0.26424201 | D53: 0.22998422 | E53: 0.28110375 | F53: 0.16726696
A54: sub10 | B54: 0.21538789 | C54: 0.25633011 | D54: 0.20942356 | E54: 0.17297326 | F54: 0.20088465
A55: sub11 | B55: 0.22896782 | C55: 0.12873479 | D55: 0.27547073 | E55: 0.36609022 | F55: 0.16981874
A56: sub12 | B56: 0.054876425 | C56: 0.036082138 | D56: 0.070006392 | E56: 0.022512748 | F56: 0.047073016
A57: sub13 | B57: 0.20429924 | C57: 0.21999138 | D57: 0.24465606 | E57: 0.13357074 | F57: 0.259601
A58: 180
A59: sub1 | B59: 0.19064724 | C59: 0.24144438 | D59: 0.25266422 | E59: 0.24652631 | F59: 0.070721643
A60: sub2 | B60: 0.07652775 | C60: 0.038823801 | D60: 0.070988847 | E60: 0.0092225742 | F60: 0.084298236
A61: sub3 | B61: 0.12754805 | C61: 0.22991433 | D61: 0.23668278 | E61: 0.15399451 | F61: 0.39305213
A62: sub4 | B62: 0.23186619 | C62: 0.28810819 | D62: 0.17041717 | E62: 0.26628739 | F62: 0.28286656
A63: sub5 | B63: 0.17556482 | C63: 0.10853524 | D63: 0.1114678 | E63: 0.1319594 | F63: 0.12207189
A64: sub6 | B64: 0.46893566 | C64: 0.26994774 | D64: 0.40402505 | E64: 0.37999664 | F64: 0.27837225
A65: sub7 | B65: 0.19249781 | C65: 0.19105467 | D65: 0.21718012 | E65: 0.10191895 | F65: 0.20003702
A66: sub8 | B66: 0.2002428 | C66: 0.21296149 | D66: 0.32574889 | E66: 0.19158828 | F66: 0.27263359
A67: sub9 | B67: 0.017190752 | E67: 0.0030427196 | F67: 0.68468715
A68: sub10 | B68: 0.34251392 | C68: 0.16444243 | D68: 0.22731404 | E68: 0.11652604 | F68: 0.27731079
A69: sub11 | B69: 0.17140922 | C69: 0.098738 | D69: 0.15232788 | E69: 0.41108571 | F69: 0.38031095
A70: sub12 | B70: 0.020826072 | C70: 0.091698817 | D70: 0.11797818 | E70: 0.14575939 | F70: 0.099088119
A71: sub13 | B71: 0.30832457 | C71: 0.11095472 | D71: 0.26431281 | E71: 0.14401346 | F71: 0.23966379

Sheet T_Test(SD_B)
A1: °/m | B1: 0.35 | C1: 0.5 | D1: 0.7 | E1: 1 | F1: 1.5
A2: 0
A3: sub1 | B3: 0.058858044 | C3: 0.11733795 | D3: 0.20707855 | E3: 0.21457998 | F3: 0.19300843
A4: sub2 | B4: 0.089628387 | C4: 0.12010119 | D4: 0.12913608 | E4: 0.086351864 | F4: 0.16625354
A5: sub3 | B5: 0.16800659 | C5: 0.22800909 | D5: 0.10549536 | E5: 0.18653526 | F5: 0.22114044
A6: sub4 | B6: 0.18321041 | C6: 0.1675357 | D6: 0.19995466 | E6: 0.35778903 | F6: 0.32980137
A7: sub5 | B7: 0.13875824 | C7: 0.1660167 | D7: 0.040204001 | E7: 0.095666538 | F7: 0.16013261
A8: sub6 | B8: 0.12091681 | C8: 0.11308809 | D8: 0.13159598 | E8: 0.0040344304 | F8: 0.01622604
A9: sub7 | B9: 0.1640014 | C9: 0.16218141 | D9: 0.095445183 | E9: 0.1858723 | F9: 0.047293802
A10: sub8 | B10: 0.30555773 | C10: 0.25867047 | D10: 0.29755444 | E10: 0.29270928 | F10: 0.15908608
A11: sub9 | B11: 0.42988298 | C11: 0.53950502 | D11: 0.19002383 | E11: 0.50454789 | F11: 0.36099777
A12: sub10 | B12: 0.11915168 | C12: 0.24588565 | D12: 0.10565376 | E12: 0.12396361 | F12: 0.19051873
A13: sub11 | B13: 0.22564018 | C13: 0.26206745 | D13: 0.14517338 | E13: 0.15436669 | F13: 0.22396592
A14: sub12 | B14: 0.083696367 | C14: 0.069857345 | D14: 0.074350538 | E14: 0.084891493 | F14: 0.086169983
A15: sub13 | B15: 0.23064433 | C15: 0.28553422 | D15: 0.26324249 | E15: 0.2444058 | F15: 0.23798298
A16: 45
A17: sub1 | B17: 0.22098572 | C17: 0.015050452 | D17: 0.1181984 | E17: 0.015283147 | F17: 0.078389225
A18: sub2 | B18: 0.22722701 | C18: 0.090686543 | D18: 0.21049676 | E18: 0.13103579 | F18: 0.13433858
A19: sub3 | B19: 0.08434825 | C19: 0.2702716 | D19: 0.25539636 | E19: 0.13449812 | F19: 0.30060496
A20: sub4 | B20: 0.11928217 | C20: 0.25775889 | D20: 0.1150785 | E20: 0.15924123 | F20: 0.13912779
A21: sub5 | B21: 0.19677271 | C21: 0.096477595 | D21: 0.17926675 | E21: 0.1732222 | F21: 0.1879074
A22: sub6 | B22: 0.097593783 | C22: 0.16260503 | D22: 0.18329465 | E22: 0.15038187 | F22: 0.20004118
A23: sub7 | B23: 0.13924306 | C23: 0.14724158 | D23: 0.17057138 | E23: 0.14660757 | F23: 0.19376849
A24: sub8 | B24: 0.08337469 | C24: 0.26213302 | D24: 0.18932662 | E24: 0.17308068 | F24: 0.23700406
A25: sub9 | B25: 0.19109522 | C25: 0.26729498 | D25: 0.21436202 | E25: 0.33185193 | F25: 0.24084744
A26: sub10 | B26: 0.1138785 | C26: 0.21139313 | D26: 0.21766815 | E26: 0.22611108 | F26: 0.11863278
A27: sub11 | B27: 0.10447688 | C27: 0.16837134 | D27: 0.26750054 | E27: 0.1360545 | F27: 0.105885
A28: sub12 | B28: 0.019226982 | C28: 0.056570252 | D28: 0.013720681 | E28: 0.024834356 | F28: 0.069246148
A29: sub13 | B29: 0.10084954 | C29: 0.1519429 | D29: 0.22057976 | E29: 0.15544403 | F29: 0.15837715
A30: 90
A31: sub1 | B31: 0.20504373 | C31: 0.11636995 | D31: 0.16272929 | E31: 0.30756503 | F31: 0.20933512
A32: sub2 | B32: 0.19070842 | C32: 0.20058411 | D32: 0.23525568 | E32: 0.16302577 | F32: 0.13669953
A33: sub3 | B33: 0.28061487 | C33: 0.33782952 | D33: 0.18326153 | E33: 0.25808939 | F33: 0.086035611
A34: sub4 | B34: 0.23672283 | C34: 0.23381254 | D34: 0.16531985 | E34: 0.20117471 | F34: 0.10093956
A35: sub5 | B35: 0.037768264 | C35: 0.11866319 | D35: 0.13232147 | E35: 0.078275679 | F35: 0.14636546
A36: sub6 | B36: 0.19192444 | C36: 0.23646732 | D36: 0.19331877 | E36: 0.13410417 | F36: 0.19562184
A37: sub7 | B37: 0.14272069 | C37: 0.12250673 | D37: 0.1389024 | E37: 0.099468573 | F37: 0.15721872
A38: sub8 | B38: 0.28130656 | C38: 0.32890179 | D38: 0.2592777 | E38: 0.34483687 | F38: 0.062074315
A39: sub9 | B39: 0.36678349 | C39: 0.27839822 | D39: 0.20455443 | E39: 0.38097248 | F39: 0.13597815
A40: sub10 | B40: 0.21837812 | C40: 0.23274692 | D40: 0.10969549 | E40: 0.21345936 | F40: 0.2499556
A41: sub11 | B41: 0.1023223 | C41: 0.086173196 | D41: 0.10461838 | E41: 0.078134332 | F41: 0.19195288
A42: sub12 | B42: 0.028997442 | C42: 0.030709349 | D42: 0.062574308 | E42: 0.032480883 | F42: 0.03459647
A43: sub13 | B43: 0.18702847 | C43: 0.12915472 | D43: 0.11272605 | E43: 0.11469134 | F43: 0.19034395
A44: 135
A45: sub1 | B45: 0.23693919 | C45: 0.15344181 | D45: 0.23291476 | E45: 0.23157251 | F45: 0.1844808
A46: sub2 | B46: 0.13982279 | C46: 0.11446693 | D46: 0.048653011 | E46: 0.087199852 | F46: 0.092478096
A47: sub3 | B47: 0.21201881 | C47: 0.26429363 | D47: 0.12968714 | E47: 0.19724901 | F47: 0.28413206
A48: sub4 | B48: 0.1156574 | C48: 0.2229174 | D48: 0.25487141 | E48: 0.27078883 | F48: 0.19470761
A49: sub5 | B49: 0.067302273 | C49: 0.036303893 | D49: 0.08939757 | E49: 0.16680162 | F49: 0.046038072
A50: sub6 | B50: 0.26574934 | C50: 0.18187934 | D50: 0.19237129 | E50: 0.12119659 | F50: 0.20665352
A51: sub7 | B51: 0.096880713 | C51: 0.14431811 | D51: 0.11270372 | E51: 0.19434132 | F51: 0.10766738
A52: sub8 | B52: 0.2768953 | C52: 0.2900325 | D52: 0.24819594 | E52: 0.21521652 | F52: 0.10387772
A53: sub9 | B53: 0.2503797 | C53: 0.4508732 | D53: 0.21400617 | E53: 0.32429306 | F53: 0.26167339
A54: sub10 | B54: 0.31716029 | C54: 0.3314904 | D54: 0.22039991 | E54: 0.23366967 | F54: 0.17774399
A55: sub11 | B55: 0.11821267 | C55: 0.24966577 | D55: 0.11949172 | E55: 0.081318199 | F55: 0.072965533
A56: sub12 | B56: 0.092902952 | C56: 0.044824408 | D56: 0.058452221 | E56: 0.049503189 | F56: 0.055829116
A57: sub13 | B57: 0.23747559 | C57: 0.13082619 | D57: 0.21324876 | E57: 0.21599097 | F57: 0.24759544
A58: 180
A59: sub1 | B59: 0.26036178 | C59: 0.15961279 | D59: 0.27866377 | E59: 0.23056958 | F59: 0.30138315
A60: sub2 | B60: 0.13982569 | C60: 0.056158925 | D60: 0.12067578 | E60: 0.057460005 | F60: 0.1086907
A61: sub3 | B61: 0.077365444 | C61: 0.2595847 | D61: 0.11243422 | E61: 0.3171989 | F61: 0.38477831
A62: sub4 | B62: 0.13292272 | C62: 0.21602417 | D62: 0.27365239 | E62: 0.17596449 | F62: 0.2145893
A63: sub5 | B63: 0.10959418 | C63: 0.06594756 | D63: 0.11748838 | E63: 0.16581944 | F63: 0.11387816
A64: sub6 | B64: 0.060400397 | C64: 0.23414973 | D64: 0.42265727 | E64: 0.37153306 | F64: 0.49253152
A65: sub7 | B65: 0.16457195 | C65: 0.17118637 | D65: 0.1028769 | E65: 0.12372446 | F65: 0.10973631
A66: sub8 | B66: 0.3624843 | C66: 0.098214107 | D66: 0.23096423 | E66: 0.25649447 | F66: 0.22195804
A67: sub9 | B67: 0.050572552 | C67: 0.53952903 | D67: 0.034816185 | E67: 0.42949276 | F67: 0.56092035
A68: sub10 | B68: 0.33154634 | C68: 0.2450632 | D68: 0.33860492 | E68: 0.30456872 | F68: 0.32285682
A69: sub11 | B69: 0.24215552 | C69: 0.13565103 | D69: 0.25679703 | E69: 0.38435651 | F69: 0.17463746
A70: sub12 | B70: 0.070821698 | C70: 0.083754238 | D70: 0.070466956 | E70: 0.022877018 | F70: 0.089063866
A71: sub13 | B71: 0.33469986 | C71: 0.30710217 | D71: 0.33142725 | E71: 0.25551133 | F71: 0.10551825

Sheet T_Test(SD_C)
A1: °/m | B1: 0.35 | C1: 0.5 | D1: 0.7 | E1: 1 | F1: 1.5
A2: 0
A3: sub1 | B3: 0.19410277 | C3: 0.037864854 | D3: 0.18937132 | E3: 0.094554917 | F3: 0.018331411
A4: sub2 | B4: 0.14041653 | C4: 0.076959078 | D4: 0.068783286 | E4: 0.12735008 | F4: 0.13513598
A5: sub3 | B5: 0.46619923 | C5: 0.26952854 | D5: 0.31956098 | E5: 0.15994393 | F5: 0.060452017
A6: sub4 | B6: 0.15696833 | C6: 0.16509151 | D6: 0.27335322 | E6: 0.15110186 | F6: 0.13402238
A7: sub5 | B7: 0.27999693 | C7: 0.063886679 | D7: 0.12722683 | E7: 0.13990441 | F7: 0.090636885
A8: sub6 | B8: 0.1043324 | C8: 0.2429865 | D8: 0.24133131 | E8: 0.12094968 | F8: 0.21207701
A9: sub7 | B9: 0.31476374 | C9: 0.3528414 | D9: 0.21752993 | E9: 0.21857708 | F9: 0.21491578
A10: sub8 | B10: 0.6131472 | C10: 0.20330179 | D10: 0.32700253 | E10: 0.17835597 | F10: 0.11152106
A11: sub9 | D11: 0.018551514 | E11: 0.067227636
A12: sub10 | B12: 0.24932035 | C12: 0.37502936 | D12: 0.19784563 | E12: 0.19305115 | F12: 0.17133536
A13: sub11 | B13: 0.20743808 | C13: 0.1666447 | D13: 0.14186838 | E13: 0.27298112 | F13: 0.21214764
A14: sub12 | B14: 0.11092195 | C14: 0.14972493 | D14: 0.14910407 | E14: 0.079357469 | F14: 0.17296109
A15: sub13 | B15: 0.28310868 | C15: 0.30484953 | D15: 0.26509799 | E15: 0.14050957 | F15: 0.17785838
A16: 45
A17: sub1 | B17: 0.039489992 | C17: 0.025623581 | D17: 0.029041763 | E17: 0.069532083 | F17: 0.041921396
A18: sub2 | B18: 0.061206062 | C18: 0.15093576 | D18: 0.13015722 | E18: 0.20045578 | F18: 0.11222494
A19: sub3 | B19: 0.24099587 | C19: 0.36461526 | D19: 0.35702244 | E19: 0.27651175 | F19: 0.32037219
A20: sub4 | B20: 0.072262823 | C20: 0.13895306 | D20: 0.10441004 | E20: 0.1921065 | F20: 0.13560793
A21: sub5 | B21: 0.095147164 | C21: 0.16526156 | D21: 0.11265178 | E21: 0.12787114 | F21: 0.14624075
A22: sub6 | B22: 0.25562836 | C22: 0.22813815 | D22: 0.11364895 | E22: 0.44352065 | F22: 0.22637067
A23: sub7 | B23: 0.13805867 | C23: 0.29964002 | D23: 0.20055736 | E23: 0.26878275 | F23: 0.30264986
A24: sub8 | B24: 0.37204474 | C24: 0.27276344 | D24: 0.18383684 | E24: 0.13994662 | F24: 0.29719943
A25: sub9 | B25: 0.37939096 | C25: 0.33988224 | D25: 0.31780491 | E25: 0.23468618 | F25: 0.16785249
A26: sub10 | B26: 0.18415003 | C26: 0.27586928 | D26: 0.15836187 | E26: 0.13347587 | F26: 0.22426972
A27: sub11 | B27: 0.10124525 | C27: 0.13865054 | D27: 0.13546718 | E27: 0.14787021 | F27: 0.11028673
A28: sub12 | B28: 0.046876239 | C28: 0.041483285 | D28: 0.068467661 | E28: 0.034911569 | F28: 0.051239059
A29: sub13 | B29: 0.24435273 | C29: 0.24415356 | D29: 0.22920604 | E29: 0.47446494 | F29: 0.17709695
A30: 90
A31: sub1 | B31: 0.10958301 | C31: 0.07332114 | D31: 0.028730351 | E31: 0.030625576 | F31: 0.034636233
A32: sub2 | B32: 0.18967175 | C32: 0.15962965 | D32: 0.12303527 | E32: 0.11337018 | F32: 0.19328537
A33: sub3 | B33: 0.26837146 | C33: 0.24016174 | D33: 0.31742057 | E33: 0.20903314 | F33: 0.31574729
A34: sub4 | B34: 0.22303158 | C34: 0.11720428 | D34: 0.16038096 | E34: 0.12751506 | F34: 0.18650281
A35: sub5 | B35: 0.083394923 | C35: 0.15941267 | D35: 0.12264696 | E35: 0.15704334 | F35: 0.22911655
A36: sub6 | B36: 0.24768485 | C36: 0.26004301 | D36: 0.18195443 | E36: 0.18113372 | F36: 0.24140806
A37: sub7 | B37: 0.23358261 | C37: 0.17904791 | D37: 0.14921522 | E37: 0.19944996 | F37: 0.19803429
A38: sub8 | B38: 0.31779597 | C38: 0.37246754 | D38: 0.29790305 | E38: 0.23703674 | F38: 0.26024221
A39: sub9 | B39: 0.18391019 | C39: 0.35366512 | D39: 0.30089636 | E39: 0.25057713 | F39: 0.33473158
A40: sub10 | B40: 0.17886162 | C40: 0.19477565 | D40: 0.14769328 | E40: 0.16138284 | F40: 0.33236224
A41: sub11 | B41: 0.24180793 | C41: 0.18598737 | D41: 0.14249974 | E41: 0.097575467 | F41: 0.1592546
A42: sub12 | B42: 0.051225758 | C42: 0.040074851 | D42: 0.030773392 | E42: 0.029279618 | F42: 0.023751053
A43: sub13 | B43: 0.11449404 | C43: 0.15150691 | D43: 0.1435355 | E43: 0.20568982 | F43: 0.14341764
A44: 135
A45: sub1 | B45: 0.19750115 | C45: 0.18234577 | D45: 0.040847104 | E45: 0.18675329 | F45: 0.221412
A46: sub2 | B46: 0.13940901 | C46: 0.13316213 | D46: 0.014917422 | E46: 0.19950724 | F46: 0.060433399
A47: sub3 | B47: 0.31143212 | C47: 0.16698453 | D47: 0.29712382 | E47: 0.28824567 | F47: 0.27454746
A48: sub4 | B48: 0.097916495 | C48: 0.1852186 | D48: 0.13434019 | E48: 0.14805614 | F48: 0.20394337
A49: sub5 | B49: 0.14203088 | C49: 0.13652164 | D49: 0.11668143 | E49: 0.12489375 | F49: 0.13434986
A50: sub6 | B50: 0.27553259 | C50: 0.18266865 | D50: 0.17818518 | E50: 0.14545301 | F50: 0.23755228
A51: sub7 | B51: 0.24283092 | C51: 0.25817827 | D51: 0.25942185 | E51: 0.29318772 | F51: 0.19562669
A52: sub8 | B52: 0.22111875 | C52: 0.33288352 | D52: 0.23892337 | E52: 0.29739446 | F52: 0.23493406
A53: sub9 | B53: 0.11040145 | C53: 0.27560321 | D53: 0.30846269 | E53: 0.34820976 | F53: 0.20688963
A54: sub10 | B54: 0.24666695 | C54: 0.30981451 | D54: 0.15804562 | E54: 0.073267139 | F54: 0.23027171
A55: sub11 | B55: 0.16276303 | C55: 0.064720709 | D55: 0.21685755 | E55: 0.17745984 | F55: 0.15345254
A56: sub12 | B56: 0.13946501 | C56: 0.14486509 | D56: 0.12245191 | E56: 0.17748261 | F56: 0.13548771
A57: sub13 | B57: 0.26810245 | C57: 0.24334473 | D57: 0.27660103 | E57: 0.21041223 | F57: 0.14294903
A58: 180
A59: sub1 | B59: 0.19105205 | C59: 0.23658242 | D59: 0.20113115 | E59: 0.30243514 | F59: 0.22425704
A60: sub2 | B60: 0.17988535 | C60: 0.22453324 | D60: 0.10909948 | E60: 0.13364955 | F60: 0.1858642
A61: sub3 | B61: 0.24401556 | C61: 0.25977288 | D61: 0.22347859 | E61: 0.17473077 | F61: 0.40935292
A62: sub4 | B62: 0.23990102 | C62: 0.18580839 | D62: 0.37986797 | E62: 0.22040023 | F62: 0.19015474
A63: sub5 | B63: 0.26835175 | C63: 0.14618995 | D63: 0.19873428 | E63: 0.27373699 | F63: 0.21348402
A64: sub6 | B64: 0.25119965 | C64: 0.39164181 | D64: 0.30273362 | E64: 0.39440989 | F64: 0.41301354
A65: sub7 | B65: 0.26843605 | C65: 0.20029238 | D65: 0.24606068 | E65: 0.34083505 | F65: 0.26408129
A66: sub8 | B66: 0.38016279 | C66: 0.38918255 | D66: 0.31105486 | E66: 0.21194796 | F66: 0.24634631
A67: sub9 | C67: 0.016999879 | D67: 0.0096222065
A68: sub10 | B68: 0.21572532 | C68: 0.27170198 | D68: 0.14066036 | E68: 0.29104693 | F68: 0.24305365
A69: sub11 | B69: 0.27153491 | C69: 0.19880075 | D69: 0.32430271 | E69: 0.14893559 | F69: 0.24446733
A70: sub12 | B70: 0.14843783 | C70: 0.14526005 | D70: 0.11308841 | E70: 0.086731519 | F70: 0.056523464
A71: sub13 | B71: 0.33714962 | C71: 0.23189205 | D71: 0.24538687 | E71: 0.21714303 | F71: 0.27408484

Sheet T_Test(SD_D)
A1: °/m | B1: 0.35 | C1: 0.5 | D1: 0.7 | E1: 1 | F1: 1.5
A2: 0
A3: sub1 | B3: 0.22712564 | C3: 0.23085403 | D3: 0.18985877 | E3: 0.20090382 | F3: 0.22479217
A4: sub2 | B4: 0.27111158 | C4: 0.23551954 | D4: 0.22806212 | E4: 0.24433768 | F4: 0.20790696
A5: sub3 | B5: 0.24494194 | C5: 0.17230172 | D5: 0.21512039 | E5: 0.23978257 | F5: 0.37911548
A6: sub4 | B6: 0.17119605 | C6: 0.19231788 | D6: 0.23860866 | E6: 0.15526521 | F6: 0.14666835
A7: sub5 | B7: 0.1879165 | C7: 0.12912218 | D7: 0.26044546 | E7: 0.12253126 | F7: 0.22873754
A8: sub6 | B8: 0.19751017 | C8: 0.11220721 | D8: 0.15073603 | E8: 0.143768 | F8: 0.18648673
A9: sub7 | B9: 0.15197627 | C9: 0.075459377 | D9: 0.16002368 | E9: 0.19196729 | F9: 0.073013327
A10: sub8 | B10: 0.20238757 | C10: 0.14512024 | D10: 0.30002011 | E10: 0.38382485 | F10: 0.41814964
A11: sub9 | B11: 0.23853919 | C11: 0.17471319 | F11: 0.017361797
A12: sub10 | B12: 0.21045128 | C12: 0.16348481 | D12: 0.087869857 | E12: 0.15322414 | F12: 0.12041378
A13: sub11 | B13: 0.27370027 | C13: 0.18562026 | D13: 0.26768698 | E13: 0.24955518 | F13: 0.23829551
A14: sub12 | B14: 0.079200136 | C14: 0.10116589 | D14: 0.07833288 | E14: 0.092738339 | F14: 0.077715748
A15: sub13 | B15: 0.23082466 | C15: 0.24467882 | D15: 0.12982283 | E15: 0.1065592 | F15: 0.11925318
A16: 45
A17: sub1 | B17: 0.22706133 | C17: 0.22400738 | D17: 0.19609571 | E17: 0.22594864 | F17: 0.21933976
A18: sub2 | B18: 0.10145664 | C18: 0.18966098 | D18: 0.15626922 | E18: 0.19208036 | F18: 0.22316204
A19: sub3 | B19: 0.069798077 | C19: 0.32020744 | D19: 0.33051201 | E19: 0.36332942 | F19: 0.38460137
A20: sub4 | B20: 0.13228866 | C20: 0.21200841 | D20: 0.16100534 | E20: 0.091131214 | F20: 0.11591007
A21: sub5 | B21: 0.2355886 | C21: 0.15402211 | D21: 0.18638448 | E21: 0.21380576 | F21: 0.18206591
A22: sub6 | B22: 0.2203682 | C22: 0.12940644 | D22: 0.12360831 | E22: 0.046326997 | F22: 0.11207782
A23: sub7 | B23: 0.049125387 | C23: 0.1731367 | D23: 0.14552705 | E23: 0.19595229 | F23: 0.19811848
A24: sub8 | B24: 0.11148503 | C24: 0.14255144 | D24: 0.17567821 | E24: 0.37739237 | F24: 0.072849636
A25: sub9 | B25: 0.46604934 | C25: 0.47657566 | D25: 0.22885337 | E25: 0.29850404 | F25: 0.50670969
A26: sub10 | B26: 0.15755145 | C26: 0.22502399 | D26: 0.18354395 | E26: 0.21647563 | F26: 0.16464464
A27: sub11 | B27: 0.15565111 | C27: 0.10924194 | D27: 0.076400938 | E27: 0.25823037 | F27: 0.12124905
A28: sub12 | B28: 0.065926159 | C28: 0.14477229 | D28: 0.069362014 | E28: 0.056952344 | F28: 0.039712224
A29: sub13 | B29: 0.068986896 | C29: 0.12529369 | D29: 0.27579675 | E29: 0.16923421 | F29: 0.19729894
A30: 90
A31: sub1 | B31: 0.35521701 | C31: 0.33803966 | D31: 0.25521187 | E31: 0.23742583 | F31: 0.26026312
A32: sub2 | B32: 0.26417028 | C32: 0.24350983 | D32: 0.19833081 | E32: 0.135885 | F32: 0.36271925
A33: sub3 | B33: 0.15820573 | C33: 0.26469683 | D33: 0.15546117 | E33: 0.17618666 | F33: 0.28446972
A34: sub4 | B34: 0.15572419 | C34: 0.095030548 | D34: 0.20640101 | E34: 0.23801467 | F34: 0.23968806
A35: sub5 | B35: 0.090670145 | C35: 0.054974193 | D35: 0.13956501 | E35: 0.15027333 | F35: 0.22425613
A36: sub6 | B36: 0.068368296 | C36: 0.18965883 | D36: 0.23053639 | E36: 0.19935154 | F36: 0.276997
A37: sub7 | B37: 0.15694548 | C37: 0.13339616 | D37: 0.1331585 | E37: 0.067166835 | F37: 0.16512205
A38: sub8 | B38: 0.36217347 | C38: 0.20949805 | D38: 0.26036827 | E38: 0.1936025 | F38: 0.195461
A39: sub9 | B39: 0.21002753 | C39: 0.29867538 | D39: 0.26483162 | E39: 0.27317949 | F39: 0.33466646
A40: sub10 | B40: 0.20554003 | C40: 0.19015468 | D40: 0.1635453 | E40: 0.1719255 | F40: 0.28526408
A41: sub11 | B41: 0.1890977 | C41: 0.20971893 | D41: 0.098755074 | E41: 0.11285984 | F41: 0.14410551
A42: sub12 | B42: 0.059276881 | C42: 0.056402548 | D42: 0.040157173 | E42: 0.033978424 | F42: 0.04489569
A43: sub13 | B43: 0.11834553 | C43: 0.082291698 | D43: 0.1275084 | E43: 0.29234918 | F43: 0.23997354
A44: 135
A45: sub1 | B45: 0.2871455 | C45: 0.30581304 | D45: 0.31745227 | E45: 0.21059099 | F45: 0.16811999
A46: sub2 | B46: 0.19251812 | C46: 0.12692572 | D46: 0.31896339 | E46: 0.19806665 | F46: 0.29710373
A47: sub3 | B47: 0.21009419 | C47: 0.21907966 | D47: 0.27279127 | E47: 0.30335892 | F47: 0.16692518
A48: sub4 | B48: 0.21847862 | C48: 0.10415568 | D48: 0.25054951 | E48: 0.13740809 | F48: 0.18499366
A49: sub5 | B49: 0.09530777 | C49: 0.12222518 | D49: 0.15006814 | E49: 0.15495683 | F49: 0.089591909
A50: sub6 | B50: 0.22796444 | C50: 0.15387857 | D50: 0.05450344 | E50: 0.3474378 | F50: 0.29876971
A51: sub7 | B51: 0.14346888 | C51: 0.14752383 | D51: 0.10477524 | E51: 0.13886565 | F51: 0.1851286
A52: sub8 | B52: 0.21800939 | C52: 0.24748098 | D52: 0.2131625 | E52: 0.19214148 | F52: 0.33685852
A53: sub9 | B53: 0.36209513 | C53: 0.13887862 | D53: 0.22534954 | E53: 0.38884286 | F53: 0.3165227
A54: sub10 | B54: 0.1291222 | C54: 0.24637461 | D54: 0.25250136 | E54: 0.24234534 | F54: 0.18749216
A55: sub11 | B55: 0.17506301 | C55: 0.11231692 | D55: 0.13546135 | E55: 0.18253937 | F55: 0.10713025
A56: sub12 | B56: 0.093041353 | C56: 0.053653132 | D56: 0.071994082 | E56: 0.05349167 | F56: 0.10751083
A57: sub13 | B57: 0.13235741 | C57: 0.17852638 | D57: 0.12006422 | E57: 0.18264826 | F57: 0.26058964
A58: 180
A59: sub1 | B59: 0.25977587 | C59: 0.25255469 | D59: 0.36619455 | E59: 0.52149595 | F59: 0.21022893
A60: sub2 | B60: 0.3075728 | C60: 0.44262655 | D60: 0.27565134 | E60: 0.34405057 | F60: 0.41336039
A61: sub3 | B61: 0.38792324 | C61: 0.30500686 | D61: 0.27532671 | E61: 0.14600223 | F61: 0.1764442
A62: sub4 | B62: 0.05984994 | C62: 0.17549634 | D62: 0.089394325 | E62: 0.18365052 | F62: 0.16458913
A63: sub5 | B63: 0.097628523 | C63: 0.099513172 | D63: 0.17773205 | E63: 0.17108383 | F63: 0.18995475
A64: sub6 | B64: 0.14834189 | C64: 0.14543227 | D64: 0.22269263 | E64: 0.23307998 | F64: 0.22553593
A65: sub7 | B65: 0.13057057 | C65: 0.14119415 | D65: 0.080779984 | E65: 0.17183513 | F65: 0.20716852
A66: sub8 | B66: 0.33828942 | C66: 0.31178711 | D66: 0.39748954 | E66: 0.32318416 | F66: 0.38698293
A67: sub9 | B67: 0.0019211575 | C67: 0.20410983 | D67: 0.0050971059 | E67: 0.036273271 | F67: 0.20474369
A68: sub10 | B68: 0.26830796 | C68: 0.07155466 | D68: 0.16425204 | E68: 0.19907414 | F68: 0.26565642
A69: sub11 | B69: 0.11679235 | C69: 0.18392942 | D69: 0.21509366 | E69: 0.14467965 | F69: 0.25765241
A70: sub12 | B70: 0.09339666 | C70: 0.093553255 | D70: 0.11569749 | E70: 0.17736373 | F70: 0.050514664
A71: sub13 | B71: 0.31452801 | C71: 0.23187134 | D71: 0.26204696 | E71: 0.16989787 | F71: 0.30550742

Sheet T_Test(SD_E)
A1: °/m | B1: 0.35 | C1: 0.5 | D1: 0.7 | E1: 1 | F1: 1.5
A2: 0
A3: sub1 | B3: 0.21346817 | C3: 0.31057493 | D3: 0.2505893 | E3: 0.18999827 | F3: 0.29888929
A4: sub2 | B4: 0.14878386 | C4: 0.14575916 | D4: 0.14915978 | E4: 0.16770851 | F4: 0.20218361
A5: sub3 | B5: 0.299984 | C5: 0.22631291 | D5: 0.16537679 | E5: 0.34352561 | F5: 0.30661858
A6: sub4 | B6: 0.057384396 | C6: 0.21738762 | D6: 0.27781143 | E6: 0.17064133 | F6: 0.20270971
A7: sub5 | B7: 0.088902133 | C7: 0.069752653 | D7: 0.18920079 | E7: 0.17746217 | F7: 0.088834375
A8: sub6 | B8: 0.19492905 | C8: 0.18394599 | D8: 0.22825723 | E8: 0.17446831 | F8: 0.128591
A9: sub7 | B9: 0.11113064 | C9: 0.13890254 | D9: 0.15502185 | E9: 0.14510382 | F9: 0.14071441
A10: sub8 | B10: 0.24181931 | C10: 0.095937383 | D10: 0.16856093 | E10: 0.12386025 | F10: 0.20324994
A11: sub9 | B11: 0.0088153009 | C11: 0.19504394 | D11: 0.012495654 | E11: 0.14709248
A12: sub10 | B12: 0.15491055 | C12: 0.18484892 | D12: 0.15646787 | E12: 0.10983084 | F12: 0.1681168
A13: sub11 | B13: 0.18048342 | C13: 0.060416118 | D13: 0.17352173 | E13: 0.2308752 | F13: 0.077304357
A14: sub12 | B14: 0.065595848 | C14: 0.0665161 | D14: 0.087945724 | E14: 0.12875726 | F14: 0.085437367
A15: sub13 | B15: 0.93606171 | C15: 0.81486773 | D15: 0.89252015 | E15: 0.7510445 | F15: 0.6398751
A16: 45
A17: sub1 | B17: 0.26269548 | C17: 0.29396819 | D17: 0.19324574 | E17: 0.17169924 | F17: 0.28096031
A18: sub2 | B18: 0.21366117 | C18: 0.14721636 | D18: 0.1998257 | E18: 0.2250659 | F18: 0.09138883
A19: sub3 | B19: 0.26043419 | C19: 0.22606006 | D19: 0.23623466 | E19: 0.29204549 | F19: 0.32345598
A20: sub4 | B20: 0.15594923 | C20: 0.18352067 | D20: 0.15352092 | E20: 0.12344086 | F20: 0.16875282
A21: sub5 | B21: 0.10712047 | C21: 0.088488647 | D21: 0.12923698 | E21: 0.10934601 | F21: 0.16124742
A22: sub6 | B22: 0.1562048 | C22: 0.11485451 | D22: 0.1197882 | E22: 0.20111654 | F22: 0.17529921
A23: sub7 | B23: 0.18271952 | C23: 0.17748189 | D23: 0.10648293 | E23: 0.12791391 | F23: 0.1484539
A24: sub8 | B24: 0.16760957 | C24: 0.23629285 | D24: 0.13860496 | E24: 0.20278313 | F24: 0.21880038
A25: sub9 | B25: 0.30296184 | C25: 0.39445774 | D25: 0.29146999 | E25: 0.27227311 | F25: 0.34984325
A26: sub10 | B26: 0.25313823 | C26: 0.15771816 | D26: 0.15445148 | E26: 0.21497586 | F26: 0.13599191
A27: sub11 | B27: 0.19954762 | C27: 0.16946127 | D27: 0.1568785 | E27: 0.20702678 | F27: 0.084964622
A28: sub12 | B28: 0.10783843 | C28: 0.056759099 | D28: 0.058950702 | E28: 0.097264791 | F28: 0.03523059
A29: sub13 | B29: 0.72126577 | C29: 0.78812467 | D29: 0.72717412 | E29: 0.67747723 | F29: 0.80686818
A30: 90
A31: sub1 | B31: 0.39154027 | C31: 0.20850786 | D31: 0.39073149 | E31: 0.19963612 | F31: 0.33224091
A32: sub2 | B32: 0.16657725 | C32: 0.15066214 | D32: 0.079113571 | E32: 0.14832144 | F32: 0.085170901
A33: sub3 | B33: 0.35916884 | C33: 0.16168097 | D33: 0.19967824 | E33: 0.15745398 | F33: 0.25117412
A34: sub4 | B34: 0.16827516 | C34: 0.2574336 | D34: 0.2311378 | E34: 0.2391513 | F34: 0.25531287
A35: sub5 | B35: 0.17448585 | C35: 0.17016368 | D35: 0.099244954 | E35: 0.16549456 | F35: 0.23924947
A36: sub6 | B36: 0.064978277 | C36: 0.18848617 | D36: 0.075012432 | E36: 0.2056383 | F36: 0.07057363
A37: sub7 | B37: 0.14634855 | C37: 0.13078631 | D37: 0.10899902 | E37: 0.12336014 | F37: 0.14019672
A38: sub8 | B38: 0.35897499 | C38: 0.31023425 | D38: 0.24468837 | E38: 0.25502998 | F38: 0.32015877
A39: sub9 | B39: 0.27126524 | C39: 0.31260451 | D39: 0.24461466 | E39: 0.14585579 | F39: 0.24323702
A40: sub10 | B40: 0.36985026 | C40: 0.17612759 | D40: 0.27400761 | E40: 0.35044552 | F40: 0.28145867
A41: sub11 | B41: 0.19339054 | C41: 0.16090839 | D41: 0.13765413 | E41: 0.10244426 | F41: 0.16043923
A42: sub12 | B42: 0.07069927 | C42: 0.05512999 | D42: 0.028304892 | E42: 0.015381399 | F42: 0.090058853
A43: sub13 | B43: 0.52714038 | C43: 0.72313322 | D43: 0.72240749 | E43: 0.91703201 | F43: 0.78658468
A44: 135
A45: sub1 | B45: 0.2674913 | C45: 0.26058224 | D45: 0.51372403 | E45: 0.21396848 | F45: 0.20836025
A46: sub2 | B46: 0.25038911 | C46: 0.19429636 | D46: 0.085371937 | E46: 0.14238561 | F46: 0.15550154
A47: sub3 | B47: 0.089482671 | C47: 0.24030847 | D47: 0.33730502 | E47: 0.48961604 | F47: 0.18900689
A48: sub4 | B48: 0.14035506 | C48: 0.15617079 | D48: 0.24717322 | E48: 0.2621979 | F48: 0.17911676
A49: sub5 | B49: 0.065174502 | C49: 0.17359598 | D49: 0.10425402 | E49: 0.10793793 | F49: 0.15422983
A50: sub6 | B50: 0.052750757 | C50: 0.14130727 | D50: 0.1983172 | E50: 0.13279929 | F50: 0.20195405
A51: sub7 | B51: 0.17161855 | C51: 0.12585979 | D51: 0.081426173 | E51: 0.11243265 | F51: 0.086389562
A52: sub8 | B52: 0.26862499 | C52: 0.28987857 | D52: 0.17300537 | E52: 0.23671829 | F52: 0.17493278
A53: sub9 | B53: 0.209494 | C53: 0.18235359 | D53: 0.2689793 | E53: 0.34049562 | F53: 0.30013148
A54: sub10 | B54: 0.11342531 | C54: 0.1561626 | D54: 0.25966097 | E54: 0.2332436 | F54: 0.16664268
A55: sub11 | B55: 0.17742056 | C55: 0.15683998 | D55: 0.14166583 | E55: 0.13995976 | F55: 0.12618192
A56: sub12 | B56: 0.077951834 | C56: 0.040774555 | D56: 0.10481874 | E56: 0.058789585 | F56: 0.027781061
A57: sub13 | B57: 1.3674206 | C57: 1.4332325 | D57: 1.3283694 | E57: 1.3338569 | F57: 1.2857165
A58: 180
A59: sub1 | B59: 0.17537262 | C59: 0.40415597 | D59: 0.19828101 | E59: 0.19497025 | F59: 0.45996355
A60: sub2 | B60: 0.17775624 | C60: 0.11036831 | D60: 0.14363919 | E60: 0.19153124 | F60: 0.20106153
A61: sub3 | B61: 0.27789712 | C61: 0.29299662 | D61: 0.25239577 | E61: 0.1992475 | F61: 0.2983606
A62: sub4 | B62: 0.17074166 | C62: 0.18927292 | D62: 0.39338478 | E62: 0.34591368 | F62: 0.13458118
A63: sub5 | B63: 0.083292012 | C63: 0.20988031 | D63: 0.27933668 | E63: 0.296934 | F63: 0.19371981
A64: sub6 | B64: 0.27308814 | C64: 0.26685799 | D64: 0.21287399 | E64: 0.37452444 | F64: 0.26517161
A65: sub7 | B65: 0.18578857 | C65: 0.14248603 | D65: 0.13074002 | E65: 0.089061961 | F65: 0.078124261
A66: sub8 | B66: 0.3241997 | C66: 0.23565891 | D66: 0.32098369 | E66: 0.30656601 | F66: 0.37802973
A67: sub9 | D67: 0.18513555 | E67: 0.1982041 | F67: 0.27227302
A68: sub10 | B68: 0.36104924 | C68: 0.4044047 | D68: 0.13093939 | E68: 0.16159134 | F68: 0.34112449
A69: sub11 | B69: 0.14174499 | C69: 0.28482088 | D69: 0.21032954 | E69: 0.09346301 | F69: 0.34346462
A70: sub12 | B70: 0.086939704 | C70: 0.024893216 | D70: 0.10992718 | E70: 0.082916313 | F70: 0.12557981
A71: sub13 | B71: 1.5523789 | C71: 1.0797437 | D71: 1.5042577 | E71: 1.5281535 | F71: 1.3680394

Sheet T_Test(SD_F)
A1: °/m | B1: 0.35 | C1: 0.5 | D1: 0.7 | E1: 1 | F1: 1.5
A2: 0
A3: sub1 | B3: 0.16975835 | C3: 0.29119024 | D3: 0.029805294 | E3: 0.21465376 | F3: 0.19521846
A4: sub2 | B4: 0.14312373 | C4: 0.12155628 | D4: 0.20054974 | E4: 0.098843882 | F4: 0.1150693
A5: sub3 | B5: 0.44458974 | C5: 0.30003613 | D5: 0.23867514 | E5: 0.11760892 | F5: 0.15758618
A6: sub4 | B6: 0.19021993 | C6: 0.15891807 | D6: 0.11392345 | E6: 0.33206388 | F6: 0.18295602
A7: sub5 | B7: 0.19707603 | C7: 0.1850327 | D7: 0.092739679 | E7: 0.17986873 | F7: 0.13618385
A8: sub6 | B8: 0.19280115 | C8: 0.15601467 | D8: 0.17757084 | E8: 0.15729442 | F8: 0.18823136
A9: sub7 | B9: 0.20986781 | C9: 0.25728627 | D9: 0.23921903 | E9: 0.099720006 | F9: 0.093844994
A10: sub8 | B10: 0.40209077 | C10: 0.37657968 | D10: 0.24789085 | E10: 0.13317533 | F10: 0.2568055
A11: sub9 | B11: 0.22516522 | C11: 0.0367905 | E11: 0.0054737524 | F11: 0.1090355
A12: sub10 | B12: 0.52601648 | C12: 0.13185242 | D12: 0.21883359 | E12: 0.21101945 | F12: 0.36732943
A13: sub11 | B13: 0.17149998 | C13: 0.22864578 | D13: 0.25199833 | E13: 0.24689203 | F13: 0.26978989
A14: sub12 | B14: 0.11373107 | C14: 0.089931682 | D14: 0.096739624 | E14: 0.071012971 | F14: 0.056082536
A15: sub13 | B15: 1.6099638 | C15: 1.1279576 | D15: 0.84555657 | E15: 0.87934006 | F15: 0.93353505
A16: 45
A17: sub1 | B17: 0.33166756 | C17: 0.15036439 | D17: 0.19656897 | E17: 0.24119778 | F17: 0.17911114
A18: sub2 | B18: 0.095371589 | C18: 0.14077906 | D18: 0.11158708 | E18: 0.13063298 | F18: 0.11997671
A19: sub3 | B19: 0.34602068 | C19: 0.19718887 | D19: 0.39219109 | E19: 0.39244161 | F19: 0.37763334
A20: sub4 | B20: 0.14866949 | C20: 0.15281428 | D20: 0.1684288 | E20: 0.10766258 | F20: 0.19105525
A21: sub5 | B21: 0.013814628 | C21: 0.3779223 | D21: 0.27084792 | E21: 0.19692567 | F21: 0.1801859
A22: sub6 | B22: 0.10457005 | C22: 0.11053165 | D22: 0.0173142 | E22: 0.02574084 | F22: 0.14635091
A23: sub7 | B23: 0.281396 | C23: 0.15421541 | D23: 0.14779573 | E23: 0.16526362 | F23: 0.21903318
A24: sub8 | B24: 0.31023803 | C24: 0.17852615 | D24: 0.13811826 | E24: 0.21562018 | F24: 0.19240913
A25: sub9 | B25: 0.34512269 | C25: 0.35943955 | D25: 0.30619608 | E25: 0.23114632 | F25: 0.42524438
A26: sub10 | B26: 0.48872978 | C26: 0.29747024 | D26: 0.35762638 | E26: 0.3436322 | F26: 0.30349166
A27: sub11 | B27: 0.12048502 | C27: 0.24125487 | D27: 0.090172733 | E27: 0.2765389 | F27: 0.1506556
A28: sub12 | B28: 0.056053915 | C28: 0.060630512 | D28: 0.036594461 | E28: 0.021262534 | F28: 0.023606235
A29: sub13 | B29: 0.89169772 | C29: 0.81438399 | D29: 0.99783285 | E29: 0.93610639 | F29: 1.1007048
A30: 90
A31: sub1 | B31: 0.26189182 | C31: 0.3445898 | D31: 0.31804977 | E31: 0.058417306 | F31: 0.30412934
A32: sub2 | B32: 0.17309977 | C32: 0.10956514 | D32: 0.11236955 | E32: 0.11290334 | F32: 0.11637044
A33: sub3 | B33: 0.31931769 | C33: 0.30457587 | D33: 0.24447422 | E33: 0.24013253 | F33: 0.33291834
A34: sub4 | B34: 0.13707916 | C34: 0.24402768 | D34: 0.18354893 | E34: 0.15636677 | F34: 0.1665648
A35: sub5 | B35: 0.33220661 | C35: 0.064376662 | D35: 0.10427848 | E35: 0.2450403 | F35: 0.26935547
A36: sub6 | B36: 0.22875459 | C36: 0.030204312 | D36: 0.22755928 | E36: 0.023179133 | F36: 0.088373598
A37: sub7 | B37: 0.011875923 | C37: 0.15730608 | D37: 0.20076554 | E37: 0.056943968 | F37: 0.047890683
A38: sub8 | B38: 0.33634721 | C38: 0.26881439 | D38: 0.16761424 | E38: 0.3347646 | F38: 0.27284011
A39: sub9 | B39: 0.23246054 | C39: 0.37725328 | D39: 0.4329365 | E39: 0.28762516 | F39: 0.39434136
A40: sub10 | B40: 0.18971722 | C40: 0.33511223 | D40: 0.13347884 | E40: 0.387236 | F40: 0.22031125
A41: sub11 | B41: 0.24095749 | C41: 0.25672134 | D41: 0.11765352 | E41: 0.25890679 | F41: 0.20705812
A42: sub12 | B42: 0.090317392 | C42: 0.076030876 | D42: 0.008060942 | E42: 0.0079757688 | F42: 0.070595756
A43: sub13 | B43: 0.72821171 | C43: 0.66340013 | D43: 0.78925974 | E43: 0.9476101 | F43: 0.83863773
A44: 135
A45: sub1 | B45: 0.23220322 | C45: 0.24315751 | D45: 0.22329689 | E45: 0.25559112 | F45: 0.33604699
A46: sub2 | B46: 0.12610543 | C46: 0.080216892 | D46: 0.10090236 | E46: 0.13290489 | F46: 0.11848598
A47: sub3 | B47: 0.32812987 | C47: 0.28957495 | D47: 0.25415805 | E47: 0.28476195 | F47: 0.29389608
A48: sub4 | B48: 0.096459432 | C48: 0.15235441 | D48: 0.21189867 | E48: 0.22330091 | F48: 0.19332353
A49: sub5 | B49: 0.22609662 | C49: 0.086845943 | D49: 0.14111415 | E49: 0.21970951 | F49: 0.23594368
A50: sub6 | B50: 0.2236994 | C50: 0.26754369 | D50: 0.21659754 | E50: 0.20500235 | F50: 0.28476026
A51: sub7 | B51: 0.2215811 | C51: 0.086571322 | D51: 0.094536421 | E51: 0.18869539 | F51: 0.12897128
A52: sub8 | B52: 0.20151863 | C52: 0.23233108 | D52: 0.32017306 | E52: 0.21848691 | F52: 0.26456912
A53: sub9 | B53: 0.22343035 | C53: 0.59320581 | D53: 0.19252056 | E53: 0.24419881 | F53: 0.37181722
A54: sub10 | B54: 0.37473566 | C54: 0.10275388 | D54: 0.19626593 | E54: 0.31223846 | F54: 0.13944251
A55: sub11 | B55: 0.37119973 | C55: 0.32609455 | D55: 0.14643706 | E55: 0.19281839 | F55: 0.16132338
A56: sub12 | B56: 0.089110996 | C56: 0.083040636 | D56: 0.03319265 | E56: 0.031096227 | F56: 0.046479857
A57: sub13 | B57: 1.6436358 | C57: 1.4204916 | D57: 1.1621012 | E57: 1.2126431 | F57: 1.0750974
A58: 180
A59: sub1 | B59: 0.19856897 | C59: 0.39334731 | D59: 0.20608619 | E59: 0.32845704 | F59: 0.17707736
A60: sub2 | B60: 0.070206218 | C60: 0.27226178 | D60: 0.22751835 | E60: 0.1066732 | F60: 0.083566895
A61: sub3 | B61: 0.42720346 | C61: 0.18019534 | D61: 0.27818516 | E61: 0.22983223 | F61: 0.22178116
A62: sub4 | B62: 0.23020665 | C62: 0.18459961 | D62: 0.31611223 | E62: 0.074540713 | F62: 0.20388246
A63: sub5 | B63: 0.090255592 | C63: 0.29664384 | D63: 0.14946314 | E63: 0.19539548 | F63: 0.25715589
A64: sub6 | B64: 0.21968496 | C64: 0.2304602 | D64: 0.3044549 | E64: 0.2466905 | F64: 0.26835459
A65: sub7 | B65: 0.19286686 | C65: 0.15283325 | D65: 0.10090749 | E65: 0.29673532 | F65: 0.25198309
A66: sub8 | B66: 0.18835358 | C66: 0.15168092 | D66: 0.24707951 | E66: 0.32222016 | F66: 0.22149001
A67: sub9 | B67: 0.3913733 | C67: 0.01458252 | F67: 0.39752279
A68: sub10 | B68: 0.38881334 | C68: 0.21215479 | D68: 0.13604624 | E68: 0.19120201 | F68: 0.29567368
A69: sub11 | B69: 0.263974 | C69: 0.24773803 | D69: 0.22222609 | E69: 0.2454766 | F69: 0.26593442
A70: sub12 | B70: 0.071180797 | C70: 0.14008361 | D70: 0.033767977 | E70: 0.07455091 | F70: 0.043801759
A71: sub13 | B71: 1.418111 | C71: 1.3577953 | D71: 1.2759853 | E71: 1.208882 | F71: 1.3978625

Sheet Analysis_Data(SD)
A1: 被験者 | B1: 角度 | C1: 条件 | D1: 目標距離 | E1: SD
A2: sub1 | B2: 0 | C2: A | D2: 0.35 | E2: {=IFERROR(INDEX(INDIRECT("'T_Test(SD_" & TRIM($C2) & ")'!$A:$Z"), MATCH($B2, INDIRECT("'T_Test(SD_" & TRIM($C2) & ")'!$A:$A"), 0) + SUBSTITUTE($A2,"sub",""), MATCH($D2, INDIRECT("'T_Test(SD_" & TRIM($C2) & ")'!$1:$1"), 0)), "")} -> 0.17872653
A3: sub2 | B3: 0 | C3: A | D3: 0.35 | E3: {=IFERROR(INDEX(INDIRECT("'T_Test(SD_" & TRIM($C3) & ")'!$A:$Z"), MATCH($B3, INDIRECT("'T_Test(SD_" & TRIM($C3) & ")'!$A:$A"), 0) + SUBSTITUTE($A3,"sub",""), MATCH($D3, INDIRECT("'T_Test(SD_" & TRIM($C3) & ")'!$1:$1"), 0)), "")} -> 0.11824584
A4: sub3 | B4: 0 | C4: A | D4: 0.35 | E4: {=IFERROR(INDEX(INDIRECT("'T_Test(SD_" & TRIM($C4) & ")'!$A:$Z"), MATCH($B4, INDIRECT("'T_Test(SD_" & TRIM($C4) & ")'!$A:$A"), 0) + SUBSTITUTE($A4,"sub",""), MATCH($D4, INDIRECT("'T_Test(SD_" & TRIM($C4) & ")'!$1:$1"), 0)), "")} -> 0.32477623
A5: sub4 | B5: 0 | C5: A | D5: 0.35 | E5: {=IFERROR(INDEX(INDIRECT("'T_Test(SD_" & TRIM($C5) & ")'!$A:$Z"), MATCH($B5, INDIRECT("'T_Test(SD_" & TRIM($C5) & ")'!$A:$A"), 0) + SUBSTITUTE($A5,"sub",""), MATCH($D5, INDIRECT("'T_Test(SD_" & TRIM($C5) & ")'!$1:$1"), 0)), "")} -> 0.10962065
A6: sub5 | B6: 0 | C6: A | D6: 0.35 | E6: {=IFERROR(INDEX(INDIRECT("'T_Test(SD_" & TRIM($C6) & ")'!$A:$Z"), MATCH($B6, INDIRECT("'T_Test(SD_" & TRIM($C6) & ")'!$A:$A"), 0) + SUBSTITUTE($A6,"sub",""), MATCH($D6, INDIRECT("'T_Test(SD_" & TRIM($C6) & ")'!$1:$1"), 0)), "")} -> 0.09260001
A7: sub6 | B7: 0 | C7: A | D7: 0.35 | E7: {=IFERROR(INDEX(INDIRECT("'T_Test(SD_" & TRIM($C7) & ")'!$A:$Z"), MATCH($B7, INDIRECT("'T_Test(SD_" & TRIM($C7) & ")'!$A:$A"), 0) + SUBSTITUTE($A7,"sub",""), MATCH($D7, INDIRECT("'T_Test(SD_" & TRIM($C7) & ")'!$1:$1"), 0)), "")} -> 0.28381462
A8: sub7 | B8: 0 | C8: A | D8: 0.35 | E8: {=IFERROR(INDEX(INDIRECT("'T_Test(SD_" & TRIM($C8) & ")'!$A:$Z"), MATCH($B8, INDIRECT("'T_Test(SD_" & TRIM($C8) & ")'!$A:$A"), 0) + SUBSTITUTE($A8,"sub",""), MATCH($D8, INDIRECT("'T_Test(SD_" & TRIM($C8) & ")'!$1:$1"), 0)), "")} -> 0.18934145
A9: sub8 | B9: 0 | C9: A | D9: 0.35 | E9: {=IFERROR(INDEX(INDIRECT("'T_Test(SD_" & TRIM($C9) & ")'!$A:$Z"), MATCH($B9, INDIRECT("'T_Test(SD_" & TRIM($C9) & ")'!$A:$A"), 0) + SUBSTITUTE($A9,"sub",""), MATCH($D9, INDIRECT("'T_Test(SD_" & TRIM($C9) & ")'!$1:$1"), 0)), "")} -> 0.047185345
A10: sub9 | B10: 0 | C10: A | D10: 0.35 | E10: {=IFERROR(INDEX(INDIRECT("'T_Test(SD_" & TRIM($C10) & ")'!$A:$Z"), MATCH($B10, INDIRECT("'T_Test(SD_" & TRIM($C10) & ")'!$A:$A"), 0) + SUBSTITUTE($A10,"sub",""), MATCH($D10, INDIRECT("'T_Test(SD_" & TRIM($C10) & ")'!$1:$1"), 0)), "")} -> 0.18535567
A11: sub10 | B11: 0 | C11: A | D11: 0.35 | E11: {=IFERROR(INDEX(INDIRECT("'T_Test(SD_" & TRIM($C11) & ")'!$A:$Z"), MATCH($B11, INDIRECT("'T_Test(SD_" & TRIM($C11) & ")'!$A:$A"), 0) + SUBSTITUTE($A11,"sub",""), MATCH($D11, INDIRECT("'T_Test(SD_" & TRIM($C11) & ")'!$1:$1"), 0)), "")} -> 0.11251168
A12: sub11 | B12: 0 | C12: A | D12: 0.35 | E12: {=IFERROR(INDEX(INDIRECT("'T_Test(SD_" & TRIM($C12) & ")'!$A:$Z"), MATCH($B12, INDIRECT("'T_Test(SD_" & TRIM($C12) & ")'!$A:$A"), 0) + SUBSTITUTE($A12,"sub",""), MATCH($D12, INDIRECT("'T_Test(SD_" & TRIM($C12) & ")'!$1:$1"), 0)), "")} -> 0.1524535
A13: sub12 | B13: 0 | C13: A | D13: 0.35 | E13: {=IFERROR(INDEX(INDIRECT("'T_Test(SD_" & TRIM($C13) & ")'!$A:$Z"), MATCH($B13, INDIRECT("'T_Test(SD_" & TRIM($C13) & ")'!$A:$A"), 0) + SUBSTITUTE($A13,"sub",""), MATCH($D13, INDIRECT("'T_Test(SD_" & TRIM($C13) & ")'!$1:$1"), 0)), "")} -> 0.084480833
... A1301: sub13 | B1301: 135 | C1301: B | D1301: 1.5 | E1301: {=IFERROR(INDEX(INDIRECT("'T_Test(SD_" & TRIM($C1301) & ")'!$A:$Z"), MATCH($B1301, INDIRECT("'T_Test(SD_" & TRIM($C1301) & ")'!$A:$A"), 0) + SUBSTITUTE($A1301,"sub",""), MATCH($D1301, INDIRECT("'T_Test(SD_" & TRIM($C1301) & ")'!$1:$1"), 0)), "")} -> 0.24759544
A1302: sub1 | B1302: 135 | C1302: C | D1302: 0.35 | E1302: {=INDEX(INDIRECT("'T_Test(SD_" & TRIM($C1302) & ")'!$A:$Z"), MATCH($B1302, INDIRECT("'T_Test(SD_" & TRIM($C1302) & ")'!$A:$A"), 0) + SUBSTITUTE($A1302,"sub",""), MATCH($D1302, INDIRECT("'T_Test(SD_" & TRIM($C1302) & ")'!$1:$1"), 0))} -> 0.19750115
A1303: sub2 | B1303: 135 | C1303: C | D1303: 0.35 | E1303: {=IFERROR(INDEX(INDIRECT("'T_Test(SD_" & TRIM($C1303) & ")'!$A:$Z"), MATCH($B1303, INDIRECT("'T_Test(SD_" & TRIM($C1303) & ")'!$A:$A"), 0) + SUBSTITUTE($A1303,"sub",""), MATCH($D1303, INDIRECT("'T_Test(SD_" & TRIM($C1303) & ")'!$1:$1"), 0)), "")} -> 0.13940901
A1304: sub3 | B1304: 135 | C1304: C | D1304: 0.35 | E1304: {=IFERROR(INDEX(INDIRECT("'T_Test(SD_" & TRIM($C1304) & ")'!$A:$Z"), MATCH($B1304, INDIRECT("'T_Test(SD_" & TRIM($C1304) & ")'!$A:$A"), 0) + SUBSTITUTE($A1304,"sub",""), MATCH($D1304, INDIRECT("'T_Test(SD_" & TRIM($C1304) & ")'!$1:$1"), 0)), "")} -> 0.31143212
A1305: sub4 | B1305: 135 | C1305: C | D1305: 0.35 | E1305: {=IFERROR(INDEX(INDIRECT("'T_Test(SD_" & TRIM($C1305) & ")'!$A:$Z"), MATCH($B1305, INDIRECT("'T_Test(SD_" & TRIM($C1305) & ")'!$A:$A"), 0) + SUBSTITUTE($A1305,"sub",""), MATCH($D1305, INDIRECT("'T_Test(SD_" & TRIM($C1305) & ")'!$1:$1"), 0)), "")} -> 0.097916495
A1306: sub5 | B1306: 135 | C1306: C | D1306: 0.35 | E1306: {=IFERROR(INDEX(INDIRECT("'T_Test(SD_" & TRIM($C1306) & ")'!$A:$Z"), MATCH($B1306, INDIRECT("'T_Test(SD_" & TRIM($C1306) & ")'!$A:$A"), 0) + SUBSTITUTE($A1306,"sub",""), MATCH($D1306, INDIRECT("'T_Test(SD_" & TRIM($C1306) & ")'!$1:$1"), 0)), "")} -> 0.14203088
A1307: sub6 | B1307: 135 | C1307: C | D1307: 0.35 | E1307: {=IFERROR(INDEX(INDIRECT("'T_Test(SD_" & TRIM($C1307) & ")'!$A:$Z"), MATCH($B1307, INDIRECT("'T_Test(SD_" & TRIM($C1307) & ")'!$A:$A"), 0) + SUBSTITUTE($A1307,"sub",""), MATCH($D1307, INDIRECT("'T_Test(SD_" & TRIM($C1307) & ")'!$1:$1"), 0)), "")} -> 0.27553259
A1308: sub7 | B1308: 135 | C1308: C | D1308: 0.35 | E1308: {=IFERROR(INDEX(INDIRECT("'T_Test(SD_" & TRIM($C1308) & ")'!$A:$Z"), MATCH($B1308, INDIRECT("'T_Test(SD_" & TRIM($C1308) & ")'!$A:$A"), 0) + SUBSTITUTE($A1308,"sub",""), MATCH($D1308, INDIRECT("'T_Test(SD_" & TRIM($C1308) & ")'!$1:$1"), 0)), "")} -> 0.24283092
A1309: sub8 | B1309: 135 | C1309: C | D1309: 0.35 | E1309: {=IFERROR(INDEX(INDIRECT("'T_Test(SD_" & TRIM($C1309) & ")'!$A:$Z"), MATCH($B1309, INDIRECT("'T_Test(SD_" & TRIM($C1309) & ")'!$A:$A"), 0) + SUBSTITUTE($A1309,"sub",""), MATCH($D1309, INDIRECT("'T_Test(SD_" & TRIM($C1309) & ")'!$1:$1"), 0)), "")} -> 0.22111875
A1310: sub9 | B1310: 135 | C1310: C | D1310: 0.35 | E1310: {=IFERROR(INDEX(INDIRECT("'T_Test(SD_" & TRIM($C1310) & ")'!$A:$Z"), MATCH($B1310, INDIRECT("'T_Test(SD_" & TRIM($C1310) & ")'!$A:$A"), 0) + SUBSTITUTE($A1310,"sub",""), MATCH($D1310, INDIRECT("'T_Test(SD_" & TRIM($C1310) & ")'!$1:$1"), 0)), "")} -> 0.11040145
A1311: sub10 | B1311: 135 | C1311: C | D1311: 0.35 | E1311: {=IFERROR(INDEX(INDIRECT("'T_Test(SD_" & TRIM($C1311) & ")'!$A:$Z"), MATCH($B1311, INDIRECT("'T_Test(SD_" & TRIM($C1311) & ")'!$A:$A"), 0) + SUBSTITUTE($A1311,"sub",""), MATCH($D1311, INDIRECT("'T_Test(SD_" & TRIM($C1311) & ")'!$1:$1"), 0)), "")} -> 0.24666695
A1312: sub11 | B1312: 135 | C1312: C | D1312: 0.35 | E1312: {=IFERROR(INDEX(INDIRECT("'T_Test(SD_" & TRIM($C1312) & ")'!$A:$Z"), MATCH($B1312, INDIRECT("'T_Test(SD_" & TRIM($C1312) & ")'!$A:$A"), 0) + SUBSTITUTE($A1312,"sub",""), MATCH($D1312, INDIRECT("'T_Test(SD_" & TRIM($C1312) & ")'!$1:$1"), 0)), "")} -> 0.16276303
A1313: sub12 | B1313: 135 | C1313: C | D1313: 0.35 | E1313: {=IFERROR(INDEX(INDIRECT("'T_Test(SD_" & TRIM($C1313) & ")'!$A:$Z"), MATCH($B1313, INDIRECT("'T_Test(SD_" & TRIM($C1313) & ")'!$A:$A"), 0) + SUBSTITUTE($A1313,"sub",""), MATCH($D1313, INDIRECT("'T_Test(SD_" & TRIM($C1313) & ")'!$1:$1"), 0)), "")} -> 0.13946501
A1314: sub13 | B1314: 135 | C1314: C | D1314: 0.35 | E1314: {=IFERROR(INDEX(INDIRECT("'T_Test(SD_" & TRIM($C1314) & ")'!$A:$Z"), MATCH($B1314, INDIRECT("'T_Test(SD_" & TRIM($C1314) & ")'!$A:$A"), 0) + SUBSTITUTE($A1314,"sub",""), MATCH($D1314, INDIRECT("'T_Test(SD_" & TRIM($C1314) & ")'!$1:$1"), 0)), "")} -> 0.26810245
... A1951: sub13 | B1951: 180 | C1951: F | D1951: 1.5 | E1951: {=IFERROR(INDEX(INDIRECT("'T_Test(SD_" & TRIM($C1951) & ")'!$A:$Z"), MATCH($B1951, INDIRECT("'T_Test(SD_" & TRIM($C1951) & ")'!$A:$A"), 0) + SUBSTITUTE($A1951,"sub",""), MATCH($D1951, INDIRECT("'T_Test(SD_" & TRIM($C1951) & ")'!$1:$1"), 0)), "")} -> 1.3978625

Sheet T_Test(Angle_A)
A1: °/m | B1: 0.35 | C1: 0.5 | D1: 0.7 | E1: 1 | F1: 1.5
A2: 0
A3: sub1 | B3: 1.1966926 | C3: 1.2040151 | D3: 0.90880232 | E3: 0.64947378 | F3: 1.5771171
A4: sub2 | B4: 1.8069182 | C4: 1.3434889 | D4: 1.2206638 | E4: 1.611367 | F4: 1.4398131
A5: sub3 | B5: 1.7682605 | C5: 0.6873496 | D5: 2.171826 | E5: 2.1712644 | F5: 1.841657
A6: sub4 | B6: 1.8027686 | C6: 1.5191605 | D6: 4.5705177 | E6: 2.9878711 | F6: 3.2369426
A7: sub5 | B7: 3.2259136 | C7: 8.7641954 | D7: 8.0593111 | E7: 1.1868931 | F7: 1.5693594
A8: sub6 | B8: 1.7514292 | C8: 2.6975962 | D8: 2.3808984 | E8: 2.1537021 | F8: 2.9084624
A9: sub7 | B9: 41.943124 | C9: 28.62083 | D9: 26.691121 | E9: 19.493037 | F9: 34.790343
A10: sub8 | B10: 2.0558663 | C10: 0.82486355 | D10: 1.3933993 | E10: 1.6910169 | F10: 1.1210539
A11: sub9 | B11: 0.84055362 | C11: 1.7982983 | D11: 12.146268 | E11: 1.1500658 | F11: 1.4840762
A12: sub10 | B12: 14.994475 | C12: 20.216024 | D12: 17.591568 | E12: 21.116543 | F12: 13.979093
A13: sub11 | B13: 3.3876456 | C13: 1.986554 | D13: 4.3741005 | E13: 5.838836 | F13: 5.3772097
A14: sub12 | B14: 2.2847098 | C14: 0.94015108 | D14: 3.5906097 | E14: 1.822408 | F14: 1.5751936
A15: sub13 | B15: 52.346337 | D15: 51.663832 | E15: 78.879381 | F15: 31.693148
A16: 45
A17: sub1 | B17: 30.078972 | C17: 30.204098 | D17: 16.849491 | E17: 23.387722 | F17: 31.376403
A18: sub2 | B18: 2.2875701 | C18: 4.3037568 | D18: 2.4183901 | E18: 3.261184 | F18: 4.1125367
A19: sub3 | B19: 3.6367578 | C19: 11.041328 | D19: 4.3827241 | E19: 4.3663314 | F19: 11.975241
A20: sub4 | B20: 20.785799 | C20: 19.329559 | D20: 15.323146 | E20: 10.04409 | F20: 5.8445869
